,REF_DATE,GEO,New housing price indexes,UOM,HPI_charlottetown_pei
0,1981-01,"Charlottetown, Prince Edward Island",House only,"Index, 201612=100",
1,1981-02,"Charlottetown, Prince Edward Island",House only,"Index, 201612=100",
2,1981-03,"Charlottetown, Prince Edward Island",House only,"Index, 201612=100",
3,1981-04,"Charlottetown, Prince Edward Island",House only,"Index, 201612=100",
4,1981-05,"Charlottetown, Prince Edward Island",House only,"Index, 201612=100",
5,1981-06,"Charlottetown, Prince Edward Island",House only,"Index, 201612=100",
6,1981-07,"Charlottetown, Prince Edward Island",House only,"Index, 201612=100",
7,1981-08,"Charlottetown, Prince Edward Island",House only,"Index, 201612=100",
8,1981-09,"Charlottetown, Prince Edward Island",House only,"Index, 201612=100",
9,1981-10,"Charlottetown, Prince Edward Island",House only,"Index, 201612=100",
10,1981-11,"Charlottetown, Prince Edward Island",House only,"Index, 201612=100",
11,1981-12,"Charlottetown, Prince Edward Island",House only,"Index, 201612=100",
12,1982-01,"Charlottetown, Prince Edward Island",House only,"Index, 201612=100",
13,1982-02,"Charlottetown, Prince Edward Island",House only,"Index, 201612=100",
14,1982-03,"Charlottetown, Prince Edward Island",House only,"Index, 201612=100",
15,1982-04,"Charlottetown, Prince Edward Island",House only,"Index, 201612=100",
16,1982-05,"Charlottetown, Prince Edward Island",House only,"Index, 201612=100",
17,1982-06,"Charlottetown, Prince Edward Island",House only,"Index, 201612=100",
18,1982-07,"Charlottetown, Prince Edward Island",House only,"Index, 201612=100",
19,1982-08,"Charlottetown, Prince Edward Island",House only,"Index, 201612=100",
20,1982-09,"Charlottetown, Prince Edward Island",House only,"Index, 201612=100",
21,1982-10,"Charlottetown, Prince Edward Island",House only,"Index, 201612=100",
22,1982-11,"Charlottetown, Prince Edward Island",House only,"Index, 201612=100",
23,1982-12,"Charlottetown, Prince Edward Island",House only,"Index, 201612=100",
24,1983-01,"Charlottetown, Prince Edward Island",House only,"Index, 201612=100",
25,1983-02,"Charlottetown, Prince Edward Island",House only,"Index, 201612=100",
26,1983-03,"Charlottetown, Prince Edward Island",House only,"Index, 201612=100",
27,1983-04,"Charlottetown, Prince Edward Island",House only,"Index, 201612=100",
28,1983-05,"Charlottetown, Prince Edward Island",House only,"Index, 201612=100",
29,1983-06,"Charlottetown, Prince Edward Island",House only,"Index, 201612=100",
30,1983-07,"Charlottetown, Prince Edward Island",House only,"Index, 201612=100",
31,1983-08,"Charlottetown, Prince Edward Island",House only,"Index, 201612=100",
32,1983-09,"Charlottetown, Prince Edward Island",House only,"Index, 201612=100",
33,1983-10,"Charlottetown, Prince Edward Island",House only,"Index, 201612=100",
34,1983-11,"Charlottetown, Prince Edward Island",House only,"Index, 201612=100",
35,1983-12,"Charlottetown, Prince Edward Island",House only,"Index, 201612=100",
36,1984-01,"Charlottetown, Prince Edward Island",House only,"Index, 201612=100",
37,1984-02,"Charlottetown, Prince Edward Island",House only,"Index, 201612=100",
38,1984-03,"Charlottetown, Prince Edward Island",House only,"Index, 201612=100",
39,1984-04,"Charlottetown, Prince Edward Island",House only,"Index, 201612=100",
40,1984-05,"Charlottetown, Prince Edward Island",House only,"Index, 201612=100",
41,1984-06,"Charlottetown, Prince Edward Island",House only,"Index, 201612=100",
42,1984-07,"Charlottetown, Prince Edward Island",House only,"Index, 201612=100",
43,1984-08,"Charlottetown, Prince Edward Island",House only,"Index, 201612=100",
44,1984-09,"Charlottetown, Prince Edward Island",House only,"Index, 201612=100",
45,1984-10,"Charlottetown, Prince Edward Island",House only,"Index, 201612=100",
46,1984-11,"Charlottetown, Prince Edward Island",House only,"Index, 201612=100",
47,1984-12,"Charlottetown, Prince Edward Island",House only,"Index, 201612=100",
48,1985-01,"Charlottetown, Prince Edward Island",House only,"Index, 201612=100",
49,1985-02,"Charlottetown, Prince Edward Island",House only,"Index, 201612=100",
50,1985-03,"Charlottetown, Prince Edward Island",House only,"Index, 201612=100",
51,1985-04,"Charlottetown, Prince Edward Island",House only,"Index, 201612=100",
52,1985-05,"Charlottetown, Prince Edward Island",House only,"Index, 201612=100",
53,1985-06,"Charlottetown, Prince Edward Island",House only,"Index, 201612=100",
54,1985-07,"Charlottetown, Prince Edward Island",House only,"Index, 201612=100",
55,1985-08,"Charlottetown, Prince Edward Island",House only,"Index, 201612=100",
56,1985-09,"Charlottetown, Prince Edward Island",House only,"Index, 201612=100",
57,1985-10,"Charlottetown, Prince Edward Island",House only,"Index, 201612=100",
58,1985-11,"Charlottetown, Prince Edward Island",House only,"Index, 201612=100",
59,1985-12,"Charlottetown, Prince Edward Island",House only,"Index, 201612=100",
60,1986-01,"Charlottetown, Prince Edward Island",House only,"Index, 201612=100",
61,1986-02,"Charlottetown, Prince Edward Island",House only,"Index, 201612=100",
62,1986-03,"Charlottetown, Prince Edward Island",House only,"Index, 201612=100",
63,1986-04,"Charlottetown, Prince Edward Island",House only,"Index, 201612=100",
64,1986-05,"Charlottetown, Prince Edward Island",House only,"Index, 201612=100",
65,1986-06,"Charlottetown, Prince Edward Island",House only,"Index, 201612=100",
66,1986-07,"Charlottetown, Prince Edward Island",House only,"Index, 201612=100",
67,1986-08,"Charlottetown, Prince Edward Island",House only,"Index, 201612=100",
68,1986-09,"Charlottetown, Prince Edward Island",House only,"Index, 201612=100",
69,1986-10,"Charlottetown, Prince Edward Island",House only,"Index, 201612=100",
70,1986-11,"Charlottetown, Prince Edward Island",House only,"Index, 201612=100",
71,1986-12,"Charlottetown, Prince Edward Island",House only,"Index, 201612=100",
72,1987-01,"Charlottetown, Prince Edward Island",House only,"Index, 201612=100",
73,1987-02,"Charlottetown, Prince Edward Island",House only,"Index, 201612=100",
74,1987-03,"Charlottetown, Prince Edward Island",House only,"Index, 201612=100",
75,1987-04,"Charlottetown, Prince Edward Island",House only,"Index, 201612=100",
76,1987-05,"Charlottetown, Prince Edward Island",House only,"Index, 201612=100",
77,1987-06,"Charlottetown, Prince Edward Island",House only,"Index, 201612=100",
78,1987-07,"Charlottetown, Prince Edward Island",House only,"Index, 201612=100",
79,1987-08,"Charlottetown, Prince Edward Island",House only,"Index, 201612=100",
80,1987-09,"Charlottetown, Prince Edward Island",House only,"Index, 201612=100",
81,1987-10,"Charlottetown, Prince Edward Island",House only,"Index, 201612=100",
82,1987-11,"Charlottetown, Prince Edward Island",House only,"Index, 201612=100",
83,1987-12,"Charlottetown, Prince Edward Island",House only,"Index, 201612=100",
84,1988-01,"Charlottetown, Prince Edward Island",House only,"Index, 201612=100",
85,1988-02,"Charlottetown, Prince Edward Island",House only,"Index, 201612=100",
86,1988-03,"Charlottetown, Prince Edward Island",House only,"Index, 201612=100",
87,1988-04,"Charlottetown, Prince Edward Island",House only,"Index, 201612=100",
88,1988-05,"Charlottetown, Prince Edward Island",House only,"Index, 201612=100",
89,1988-06,"Charlottetown, Prince Edward Island",House only,"Index, 201612=100",
90,1988-07,"Charlottetown, Prince Edward Island",House only,"Index, 201612=100",
91,1988-08,"Charlottetown, Prince Edward Island",House only,"Index, 201612=100",
92,1988-09,"Charlottetown, Prince Edward Island",House only,"Index, 201612=100",
93,1988-10,"Charlottetown, Prince Edward Island",House only,"Index, 201612=100",
94,1988-11,"Charlottetown, Prince Edward Island",House only,"Index, 201612=100",
95,1988-12,"Charlottetown, Prince Edward Island",House only,"Index, 201612=100",
96,1989-01,"Charlottetown, Prince Edward Island",House only,"Index, 201612=100",
97,1989-02,"Charlottetown, Prince Edward Island",House only,"Index, 201612=100",
98,1989-03,"Charlottetown, Prince Edward Island",House only,"Index, 201612=100",
99,1989-04,"Charlottetown, Prince Edward Island",House only,"Index, 201612=100",
100,1989-05,"Charlottetown, Prince Edward Island",House only,"Index, 201612=100",
101,1989-06,"Charlottetown, Prince Edward Island",House only,"Index, 201612=100",
102,1989-07,"Charlottetown, Prince Edward Island",House only,"Index, 201612=100",
103,1989-08,"Charlottetown, Prince Edward Island",House only,"Index, 201612=100",
104,1989-09,"Charlottetown, Prince Edward Island",House only,"Index, 201612=100",
105,1989-10,"Charlottetown, Prince Edward Island",House only,"Index, 201612=100",
106,1989-11,"Charlottetown, Prince Edward Island",House only,"Index, 201612=100",
107,1989-12,"Charlottetown, Prince Edward Island",House only,"Index, 201612=100",
108,1990-01,"Charlottetown, Prince Edward Island",House only,"Index, 201612=100",
109,1990-02,"Charlottetown, Prince Edward Island",House only,"Index, 201612=100",
110,1990-03,"Charlottetown, Prince Edward Island",House only,"Index, 201612=100",
111,1990-04,"Charlottetown, Prince Edward Island",House only,"Index, 201612=100",
112,1990-05,"Charlottetown, Prince Edward Island",House only,"Index, 201612=100",
113,1990-06,"Charlottetown, Prince Edward Island",House only,"Index, 201612=100",
114,1990-07,"Charlottetown, Prince Edward Island",House only,"Index, 201612=100",
115,1990-08,"Charlottetown, Prince Edward Island",House only,"Index, 201612=100",
116,1990-09,"Charlottetown, Prince Edward Island",House only,"Index, 201612=100",
117,1990-10,"Charlottetown, Prince Edward Island",House only,"Index, 201612=100",
118,1990-11,"Charlottetown, Prince Edward Island",House only,"Index, 201612=100",
119,1990-12,"Charlottetown, Prince Edward Island",House only,"Index, 201612=100",
120,1991-01,"Charlottetown, Prince Edward Island",House only,"Index, 201612=100",
121,1991-02,"Charlottetown, Prince Edward Island",House only,"Index, 201612=100",
122,1991-03,"Charlottetown, Prince Edward Island",House only,"Index, 201612=100",
123,1991-04,"Charlottetown, Prince Edward Island",House only,"Index, 201612=100",
124,1991-05,"Charlottetown, Prince Edward Island",House only,"Index, 201612=100",
125,1991-06,"Charlottetown, Prince Edward Island",House only,"Index, 201612=100",
126,1991-07,"Charlottetown, Prince Edward Island",House only,"Index, 201612=100",
127,1991-08,"Charlottetown, Prince Edward Island",House only,"Index, 201612=100",
128,1991-09,"Charlottetown, Prince Edward Island",House only,"Index, 201612=100",
129,1991-10,"Charlottetown, Prince Edward Island",House only,"Index, 201612=100",
130,1991-11,"Charlottetown, Prince Edward Island",House only,"Index, 201612=100",
131,1991-12,"Charlottetown, Prince Edward Island",House only,"Index, 201612=100",
132,1992-01,"Charlottetown, Prince Edward Island",House only,"Index, 201612=100",
133,1992-02,"Charlottetown, Prince Edward Island",House only,"Index, 201612=100",
134,1992-03,"Charlottetown, Prince Edward Island",House only,"Index, 201612=100",
135,1992-04,"Charlottetown, Prince Edward Island",House only,"Index, 201612=100",
136,1992-05,"Charlottetown, Prince Edward Island",House only,"Index, 201612=100",
137,1992-06,"Charlottetown, Prince Edward Island",House only,"Index, 201612=100",
138,1992-07,"Charlottetown, Prince Edward Island",House only,"Index, 201612=100",
139,1992-08,"Charlottetown, Prince Edward Island",House only,"Index, 201612=100",
140,1992-09,"Charlottetown, Prince Edward Island",House only,"Index, 201612=100",
141,1992-10,"Charlottetown, Prince Edward Island",House only,"Index, 201612=100",
142,1992-11,"Charlottetown, Prince Edward Island",House only,"Index, 201612=100",
143,1992-12,"Charlottetown, Prince Edward Island",House only,"Index, 201612=100",
144,1993-01,"Charlottetown, Prince Edward Island",House only,"Index, 201612=100",
145,1993-02,"Charlottetown, Prince Edward Island",House only,"Index, 201612=100",
146,1993-03,"Charlottetown, Prince Edward Island",House only,"Index, 201612=100",
147,1993-04,"Charlottetown, Prince Edward Island",House only,"Index, 201612=100",
148,1993-05,"Charlottetown, Prince Edward Island",House only,"Index, 201612=100",
149,1993-06,"Charlottetown, Prince Edward Island",House only,"Index, 201612=100",
150,1993-07,"Charlottetown, Prince Edward Island",House only,"Index, 201612=100",
151,1993-08,"Charlottetown, Prince Edward Island",House only,"Index, 201612=100",
152,1993-09,"Charlottetown, Prince Edward Island",House only,"Index, 201612=100",
153,1993-10,"Charlottetown, Prince Edward Island",House only,"Index, 201612=100",
154,1993-11,"Charlottetown, Prince Edward Island",House only,"Index, 201612=100",
155,1993-12,"Charlottetown, Prince Edward Island",House only,"Index, 201612=100",
156,1994-01,"Charlottetown, Prince Edward Island",House only,"Index, 201612=100",
157,1994-02,"Charlottetown, Prince Edward Island",House only,"Index, 201612=100",
158,1994-03,"Charlottetown, Prince Edward Island",House only,"Index, 201612=100",
159,1994-04,"Charlottetown, Prince Edward Island",House only,"Index, 201612=100",
160,1994-05,"Charlottetown, Prince Edward Island",House only,"Index, 201612=100",
161,1994-06,"Charlottetown, Prince Edward Island",House only,"Index, 201612=100",
162,1994-07,"Charlottetown, Prince Edward Island",House only,"Index, 201612=100",
163,1994-08,"Charlottetown, Prince Edward Island",House only,"Index, 201612=100",
164,1994-09,"Charlottetown, Prince Edward Island",House only,"Index, 201612=100",
165,1994-10,"Charlottetown, Prince Edward Island",House only,"Index, 201612=100",
166,1994-11,"Charlottetown, Prince Edward Island",House only,"Index, 201612=100",
167,1994-12,"Charlottetown, Prince Edward Island",House only,"Index, 201612=100",
168,1995-01,"Charlottetown, Prince Edward Island",House only,"Index, 201612=100",89.8
169,1995-02,"Charlottetown, Prince Edward Island",House only,"Index, 201612=100",89.8
170,1995-03,"Charlottetown, Prince Edward Island",House only,"Index, 201612=100",89.8
171,1995-04,"Charlottetown, Prince Edward Island",House only,"Index, 201612=100",89.2
172,1995-05,"Charlottetown, Prince Edward Island",House only,"Index, 201612=100",89.2
173,1995-06,"Charlottetown, Prince Edward Island",House only,"Index, 201612=100",89.1
174,1995-07,"Charlottetown, Prince Edward Island",House only,"Index, 201612=100",88.3
175,1995-08,"Charlottetown, Prince Edward Island",House only,"Index, 201612=100",88.6
176,1995-09,"Charlottetown, Prince Edward Island",House only,"Index, 201612=100",88.9
177,1995-10,"Charlottetown, Prince Edward Island",House only,"Index, 201612=100",88.9
178,1995-11,"Charlottetown, Prince Edward Island",House only,"Index, 201612=100",88.8
179,1995-12,"Charlottetown, Prince Edward Island",House only,"Index, 201612=100",88.5
180,1996-01,"Charlottetown, Prince Edward Island",House only,"Index, 201612=100",87.7
181,1996-02,"Charlottetown, Prince Edward Island",House only,"Index, 201612=100",87.7
182,1996-03,"Charlottetown, Prince Edward Island",House only,"Index, 201612=100",88.5
183,1996-04,"Charlottetown, Prince Edward Island",House only,"Index, 201612=100",87.9
184,1996-05,"Charlottetown, Prince Edward Island",House only,"Index, 201612=100",87.9
185,1996-06,"Charlottetown, Prince Edward Island",House only,"Index, 201612=100",88.5
186,1996-07,"Charlottetown, Prince Edward Island",House only,"Index, 201612=100",87.9
187,1996-08,"Charlottetown, Prince Edward Island",House only,"Index, 201612=100",88.4
188,1996-09,"Charlottetown, Prince Edward Island",House only,"Index, 201612=100",88.0
189,1996-10,"Charlottetown, Prince Edward Island",House only,"Index, 201612=100",88.9
190,1996-11,"Charlottetown, Prince Edward Island",House only,"Index, 201612=100",87.9
191,1996-12,"Charlottetown, Prince Edward Island",House only,"Index, 201612=100",87.8
192,1997-01,"Charlottetown, Prince Edward Island",House only,"Index, 201612=100",87.8
193,1997-02,"Charlottetown, Prince Edward Island",House only,"Index, 201612=100",88.4
194,1997-03,"Charlottetown, Prince Edward Island",House only,"Index, 201612=100",88.4
195,1997-04,"Charlottetown, Prince Edward Island",House only,"Index, 201612=100",88.4
196,1997-05,"Charlottetown, Prince Edward Island",House only,"Index, 201612=100",88.4
197,1997-06,"Charlottetown, Prince Edward Island",House only,"Index, 201612=100",88.5
198,1997-07,"Charlottetown, Prince Edward Island",House only,"Index, 201612=100",88.8
199,1997-08,"Charlottetown, Prince Edward Island",House only,"Index, 201612=100",89.2
200,1997-09,"Charlottetown, Prince Edward Island",House only,"Index, 201612=100",88.1
201,1997-10,"Charlottetown, Prince Edward Island",House only,"Index, 201612=100",86.7
202,1997-11,"Charlottetown, Prince Edward Island",House only,"Index, 201612=100",85.6
203,1997-12,"Charlottetown, Prince Edward Island",House only,"Index, 201612=100",85.6
204,1998-01,"Charlottetown, Prince Edward Island",House only,"Index, 201612=100",84.2
205,1998-02,"Charlottetown, Prince Edward Island",House only,"Index, 201612=100",85.5
206,1998-03,"Charlottetown, Prince Edward Island",House only,"Index, 201612=100",85.5
207,1998-04,"Charlottetown, Prince Edward Island",House only,"Index, 201612=100",85.5
208,1998-05,"Charlottetown, Prince Edward Island",House only,"Index, 201612=100",85.5
209,1998-06,"Charlottetown, Prince Edward Island",House only,"Index, 201612=100",84.9
210,1998-07,"Charlottetown, Prince Edward Island",House only,"Index, 201612=100",85.0
211,1998-08,"Charlottetown, Prince Edward Island",House only,"Index, 201612=100",85.0
212,1998-09,"Charlottetown, Prince Edward Island",House only,"Index, 201612=100",86.9
213,1998-10,"Charlottetown, Prince Edward Island",House only,"Index, 201612=100",88.0
214,1998-11,"Charlottetown, Prince Edward Island",House only,"Index, 201612=100",88.5
215,1998-12,"Charlottetown, Prince Edward Island",House only,"Index, 201612=100",88.1
216,1999-01,"Charlottetown, Prince Edward Island",House only,"Index, 201612=100",86.9
217,1999-02,"Charlottetown, Prince Edward Island",House only,"Index, 201612=100",86.9
218,1999-03,"Charlottetown, Prince Edward Island",House only,"Index, 201612=100",86.9
219,1999-04,"Charlottetown, Prince Edward Island",House only,"Index, 201612=100",86.6
220,1999-05,"Charlottetown, Prince Edward Island",House only,"Index, 201612=100",86.6
221,1999-06,"Charlottetown, Prince Edward Island",House only,"Index, 201612=100",86.6
222,1999-07,"Charlottetown, Prince Edward Island",House only,"Index, 201612=100",87.5
223,1999-08,"Charlottetown, Prince Edward Island",House only,"Index, 201612=100",87.5
224,1999-09,"Charlottetown, Prince Edward Island",House only,"Index, 201612=100",87.5
225,1999-10,"Charlottetown, Prince Edward Island",House only,"Index, 201612=100",88.0
226,1999-11,"Charlottetown, Prince Edward Island",House only,"Index, 201612=100",88.2
227,1999-12,"Charlottetown, Prince Edward Island",House only,"Index, 201612=100",88.2
228,2000-01,"Charlottetown, Prince Edward Island",House only,"Index, 201612=100",88.2
229,2000-02,"Charlottetown, Prince Edward Island",House only,"Index, 201612=100",88.2
230,2000-03,"Charlottetown, Prince Edward Island",House only,"Index, 201612=100",88.2
231,2000-04,"Charlottetown, Prince Edward Island",House only,"Index, 201612=100",88.2
232,2000-05,"Charlottetown, Prince Edward Island",House only,"Index, 201612=100",88.2
233,2000-06,"Charlottetown, Prince Edward Island",House only,"Index, 201612=100",88.2
234,2000-07,"Charlottetown, Prince Edward Island",House only,"Index, 201612=100",88.2
235,2000-08,"Charlottetown, Prince Edward Island",House only,"Index, 201612=100",89.5
236,2000-09,"Charlottetown, Prince Edward Island",House only,"Index, 201612=100",89.5
237,2000-10,"Charlottetown, Prince Edward Island",House only,"Index, 201612=100",89.7
238,2000-11,"Charlottetown, Prince Edward Island",House only,"Index, 201612=100",89.5
239,2000-12,"Charlottetown, Prince Edward Island",House only,"Index, 201612=100",89.4
240,2001-01,"Charlottetown, Prince Edward Island",House only,"Index, 201612=100",89.7
241,2001-02,"Charlottetown, Prince Edward Island",House only,"Index, 201612=100",89.7
242,2001-03,"Charlottetown, Prince Edward Island",House only,"Index, 201612=100",89.9
243,2001-04,"Charlottetown, Prince Edward Island",House only,"Index, 201612=100",89.8
244,2001-05,"Charlottetown, Prince Edward Island",House only,"Index, 201612=100",89.8
245,2001-06,"Charlottetown, Prince Edward Island",House only,"Index, 201612=100",89.8
246,2001-07,"Charlottetown, Prince Edward Island",House only,"Index, 201612=100",89.8
247,2001-08,"Charlottetown, Prince Edward Island",House only,"Index, 201612=100",88.4
248,2001-09,"Charlottetown, Prince Edward Island",House only,"Index, 201612=100",88.6
249,2001-10,"Charlottetown, Prince Edward Island",House only,"Index, 201612=100",88.6
250,2001-11,"Charlottetown, Prince Edward Island",House only,"Index, 201612=100",88.6
251,2001-12,"Charlottetown, Prince Edward Island",House only,"Index, 201612=100",88.5
252,2002-01,"Charlottetown, Prince Edward Island",House only,"Index, 201612=100",88.5
253,2002-02,"Charlottetown, Prince Edward Island",House only,"Index, 201612=100",88.6
254,2002-03,"Charlottetown, Prince Edward Island",House only,"Index, 201612=100",88.6
255,2002-04,"Charlottetown, Prince Edward Island",House only,"Index, 201612=100",88.6
256,2002-05,"Charlottetown, Prince Edward Island",House only,"Index, 201612=100",88.6
257,2002-06,"Charlottetown, Prince Edward Island",House only,"Index, 201612=100",88.6
258,2002-07,"Charlottetown, Prince Edward Island",House only,"Index, 201612=100",88.6
259,2002-08,"Charlottetown, Prince Edward Island",House only,"Index, 201612=100",89.1
260,2002-09,"Charlottetown, Prince Edward Island",House only,"Index, 201612=100",89.1
261,2002-10,"Charlottetown, Prince Edward Island",House only,"Index, 201612=100",89.1
262,2002-11,"Charlottetown, Prince Edward Island",House only,"Index, 201612=100",89.1
263,2002-12,"Charlottetown, Prince Edward Island",House only,"Index, 201612=100",89.1
264,2003-01,"Charlottetown, Prince Edward Island",House only,"Index, 201612=100",89.1
265,2003-02,"Charlottetown, Prince Edward Island",House only,"Index, 201612=100",89.1
266,2003-03,"Charlottetown, Prince Edward Island",House only,"Index, 201612=100",89.1
267,2003-04,"Charlottetown, Prince Edward Island",House only,"Index, 201612=100",89.1
268,2003-05,"Charlottetown, Prince Edward Island",House only,"Index, 201612=100",89.1
269,2003-06,"Charlottetown, Prince Edward Island",House only,"Index, 201612=100",89.1
270,2003-07,"Charlottetown, Prince Edward Island",House only,"Index, 201612=100",89.1
271,2003-08,"Charlottetown, Prince Edward Island",House only,"Index, 201612=100",89.1
272,2003-09,"Charlottetown, Prince Edward Island",House only,"Index, 201612=100",89.6
273,2003-10,"Charlottetown, Prince Edward Island",House only,"Index, 201612=100",90.0
274,2003-11,"Charlottetown, Prince Edward Island",House only,"Index, 201612=100",90.7
275,2003-12,"Charlottetown, Prince Edward Island",House only,"Index, 201612=100",91.0
276,2004-01,"Charlottetown, Prince Edward Island",House only,"Index, 201612=100",91.4
277,2004-02,"Charlottetown, Prince Edward Island",House only,"Index, 201612=100",92.2
278,2004-03,"Charlottetown, Prince Edward Island",House only,"Index, 201612=100",92.5
279,2004-04,"Charlottetown, Prince Edward Island",House only,"Index, 201612=100",92.5
280,2004-05,"Charlottetown, Prince Edward Island",House only,"Index, 201612=100",92.9
281,2004-06,"Charlottetown, Prince Edward Island",House only,"Index, 201612=100",92.9
282,2004-07,"Charlottetown, Prince Edward Island",House only,"Index, 201612=100",92.9
283,2004-08,"Charlottetown, Prince Edward Island",House only,"Index, 201612=100",93.5
284,2004-09,"Charlottetown, Prince Edward Island",House only,"Index, 201612=100",93.5
285,2004-10,"Charlottetown, Prince Edward Island",House only,"Index, 201612=100",94.3
286,2004-11,"Charlottetown, Prince Edward Island",House only,"Index, 201612=100",94.3
287,2004-12,"Charlottetown, Prince Edward Island",House only,"Index, 201612=100",94.3
288,2005-01,"Charlottetown, Prince Edward Island",House only,"Index, 201612=100",94.3
289,2005-02,"Charlottetown, Prince Edward Island",House only,"Index, 201612=100",95.6
290,2005-03,"Charlottetown, Prince Edward Island",House only,"Index, 201612=100",95.4
291,2005-04,"Charlottetown, Prince Edward Island",House only,"Index, 201612=100",95.9
292,2005-05,"Charlottetown, Prince Edward Island",House only,"Index, 201612=100",96.6
293,2005-06,"Charlottetown, Prince Edward Island",House only,"Index, 201612=100",97.1
294,2005-07,"Charlottetown, Prince Edward Island",House only,"Index, 201612=100",97.1
295,2005-08,"Charlottetown, Prince Edward Island",House only,"Index, 201612=100",97.9
296,2005-09,"Charlottetown, Prince Edward Island",House only,"Index, 201612=100",98.6
297,2005-10,"Charlottetown, Prince Edward Island",House only,"Index, 201612=100",98.4
298,2005-11,"Charlottetown, Prince Edward Island",House only,"Index, 201612=100",98.4
299,2005-12,"Charlottetown, Prince Edward Island",House only,"Index, 201612=100",97.9
300,2006-01,"Charlottetown, Prince Edward Island",House only,"Index, 201612=100",96.3
301,2006-02,"Charlottetown, Prince Edward Island",House only,"Index, 201612=100",95.9
302,2006-03,"Charlottetown, Prince Edward Island",House only,"Index, 201612=100",97.9
303,2006-04,"Charlottetown, Prince Edward Island",House only,"Index, 201612=100",97.9
304,2006-05,"Charlottetown, Prince Edward Island",House only,"Index, 201612=100",99.2
305,2006-06,"Charlottetown, Prince Edward Island",House only,"Index, 201612=100",99.2
306,2006-07,"Charlottetown, Prince Edward Island",House only,"Index, 201612=100",99.7
307,2006-08,"Charlottetown, Prince Edward Island",House only,"Index, 201612=100",99.8
308,2006-09,"Charlottetown, Prince Edward Island",House only,"Index, 201612=100",99.5
309,2006-10,"Charlottetown, Prince Edward Island",House only,"Index, 201612=100",99.5
310,2006-11,"Charlottetown, Prince Edward Island",House only,"Index, 201612=100",100.2
311,2006-12,"Charlottetown, Prince Edward Island",House only,"Index, 201612=100",100.2
312,2007-01,"Charlottetown, Prince Edward Island",House only,"Index, 201612=100",100.0
313,2007-02,"Charlottetown, Prince Edward Island",House only,"Index, 201612=100",100.0
314,2007-03,"Charlottetown, Prince Edward Island",House only,"Index, 201612=100",100.0
315,2007-04,"Charlottetown, Prince Edward Island",House only,"Index, 201612=100",99.2
316,2007-05,"Charlottetown, Prince Edward Island",House only,"Index, 201612=100",100.0
317,2007-06,"Charlottetown, Prince Edward Island",House only,"Index, 201612=100",100.0
318,2007-07,"Charlottetown, Prince Edward Island",House only,"Index, 201612=100",100.0
319,2007-08,"Charlottetown, Prince Edward Island",House only,"Index, 201612=100",100.0
320,2007-09,"Charlottetown, Prince Edward Island",House only,"Index, 201612=100",100.0
321,2007-10,"Charlottetown, Prince Edward Island",House only,"Index, 201612=100",100.0
322,2007-11,"Charlottetown, Prince Edward Island",House only,"Index, 201612=100",101.1
323,2007-12,"Charlottetown, Prince Edward Island",House only,"Index, 201612=100",101.1
324,2008-01,"Charlottetown, Prince Edward Island",House only,"Index, 201612=100",102.6
325,2008-02,"Charlottetown, Prince Edward Island",House only,"Index, 201612=100",102.6
326,2008-03,"Charlottetown, Prince Edward Island",House only,"Index, 201612=100",101.3
327,2008-04,"Charlottetown, Prince Edward Island",House only,"Index, 201612=100",101.3
328,2008-05,"Charlottetown, Prince Edward Island",House only,"Index, 201612=100",101.3
329,2008-06,"Charlottetown, Prince Edward Island",House only,"Index, 201612=100",101.7
330,2008-07,"Charlottetown, Prince Edward Island",House only,"Index, 201612=100",101.7
331,2008-08,"Charlottetown, Prince Edward Island",House only,"Index, 201612=100",101.1
332,2008-09,"Charlottetown, Prince Edward Island",House only,"Index, 201612=100",101.1
333,2008-10,"Charlottetown, Prince Edward Island",House only,"Index, 201612=100",101.3
334,2008-11,"Charlottetown, Prince Edward Island",House only,"Index, 201612=100",101.3
335,2008-12,"Charlottetown, Prince Edward Island",House only,"Index, 201612=100",101.3
336,2009-01,"Charlottetown, Prince Edward Island",House only,"Index, 201612=100",101.4
337,2009-02,"Charlottetown, Prince Edward Island",House only,"Index, 201612=100",102.0
338,2009-03,"Charlottetown, Prince Edward Island",House only,"Index, 201612=100",101.5
339,2009-04,"Charlottetown, Prince Edward Island",House only,"Index, 201612=100",101.5
340,2009-05,"Charlottetown, Prince Edward Island",House only,"Index, 201612=100",102.1
341,2009-06,"Charlottetown, Prince Edward Island",House only,"Index, 201612=100",102.1
342,2009-07,"Charlottetown, Prince Edward Island",House only,"Index, 201612=100",102.1
343,2009-08,"Charlottetown, Prince Edward Island",House only,"Index, 201612=100",102.1
344,2009-09,"Charlottetown, Prince Edward Island",House only,"Index, 201612=100",102.1
345,2009-10,"Charlottetown, Prince Edward Island",House only,"Index, 201612=100",101.3
346,2009-11,"Charlottetown, Prince Edward Island",House only,"Index, 201612=100",101.3
347,2009-12,"Charlottetown, Prince Edward Island",House only,"Index, 201612=100",101.3
348,2010-01,"Charlottetown, Prince Edward Island",House only,"Index, 201612=100",101.2
349,2010-02,"Charlottetown, Prince Edward Island",House only,"Index, 201612=100",100.4
350,2010-03,"Charlottetown, Prince Edward Island",House only,"Index, 201612=100",99.8
351,2010-04,"Charlottetown, Prince Edward Island",House only,"Index, 201612=100",99.4
352,2010-05,"Charlottetown, Prince Edward Island",House only,"Index, 201612=100",99.8
353,2010-06,"Charlottetown, Prince Edward Island",House only,"Index, 201612=100",99.5
354,2010-07,"Charlottetown, Prince Edward Island",House only,"Index, 201612=100",99.2
355,2010-08,"Charlottetown, Prince Edward Island",House only,"Index, 201612=100",99.2
356,2010-09,"Charlottetown, Prince Edward Island",House only,"Index, 201612=100",99.2
357,2010-10,"Charlottetown, Prince Edward Island",House only,"Index, 201612=100",99.2
358,2010-11,"Charlottetown, Prince Edward Island",House only,"Index, 201612=100",98.7
359,2010-12,"Charlottetown, Prince Edward Island",House only,"Index, 201612=100",98.7
360,2011-01,"Charlottetown, Prince Edward Island",House only,"Index, 201612=100",98.7
361,2011-02,"Charlottetown, Prince Edward Island",House only,"Index, 201612=100",100.3
362,2011-03,"Charlottetown, Prince Edward Island",House only,"Index, 201612=100",100.3
363,2011-04,"Charlottetown, Prince Edward Island",House only,"Index, 201612=100",100.4
364,2011-05,"Charlottetown, Prince Edward Island",House only,"Index, 201612=100",100.7
365,2011-06,"Charlottetown, Prince Edward Island",House only,"Index, 201612=100",100.7
366,2011-07,"Charlottetown, Prince Edward Island",House only,"Index, 201612=100",102.0
367,2011-08,"Charlottetown, Prince Edward Island",House only,"Index, 201612=100",102.0
368,2011-09,"Charlottetown, Prince Edward Island",House only,"Index, 201612=100",101.9
369,2011-10,"Charlottetown, Prince Edward Island",House only,"Index, 201612=100",102.2
370,2011-11,"Charlottetown, Prince Edward Island",House only,"Index, 201612=100",102.2
371,2011-12,"Charlottetown, Prince Edward Island",House only,"Index, 201612=100",102.2
372,2012-01,"Charlottetown, Prince Edward Island",House only,"Index, 201612=100",101.9
373,2012-02,"Charlottetown, Prince Edward Island",House only,"Index, 201612=100",101.4
374,2012-03,"Charlottetown, Prince Edward Island",House only,"Index, 201612=100",101.4
375,2012-04,"Charlottetown, Prince Edward Island",House only,"Index, 201612=100",101.4
376,2012-05,"Charlottetown, Prince Edward Island",House only,"Index, 201612=100",100.9
377,2012-06,"Charlottetown, Prince Edward Island",House only,"Index, 201612=100",101.0
378,2012-07,"Charlottetown, Prince Edward Island",House only,"Index, 201612=100",101.2
379,2012-08,"Charlottetown, Prince Edward Island",House only,"Index, 201612=100",101.1
380,2012-09,"Charlottetown, Prince Edward Island",House only,"Index, 201612=100",101.2
381,2012-10,"Charlottetown, Prince Edward Island",House only,"Index, 201612=100",101.0
382,2012-11,"Charlottetown, Prince Edward Island",House only,"Index, 201612=100",101.0
383,2012-12,"Charlottetown, Prince Edward Island",House only,"Index, 201612=100",100.0
384,2013-01,"Charlottetown, Prince Edward Island",House only,"Index, 201612=100",101.1
385,2013-02,"Charlottetown, Prince Edward Island",House only,"Index, 201612=100",101.1
386,2013-03,"Charlottetown, Prince Edward Island",House only,"Index, 201612=100",101.1
387,2013-04,"Charlottetown, Prince Edward Island",House only,"Index, 201612=100",101.4
388,2013-05,"Charlottetown, Prince Edward Island",House only,"Index, 201612=100",101.5
389,2013-06,"Charlottetown, Prince Edward Island",House only,"Index, 201612=100",101.8
390,2013-07,"Charlottetown, Prince Edward Island",House only,"Index, 201612=100",101.9
391,2013-08,"Charlottetown, Prince Edward Island",House only,"Index, 201612=100",101.9
392,2013-09,"Charlottetown, Prince Edward Island",House only,"Index, 201612=100",101.9
393,2013-10,"Charlottetown, Prince Edward Island",House only,"Index, 201612=100",101.8
394,2013-11,"Charlottetown, Prince Edward Island",House only,"Index, 201612=100",101.8
395,2013-12,"Charlottetown, Prince Edward Island",House only,"Index, 201612=100",101.8
396,2014-01,"Charlottetown, Prince Edward Island",House only,"Index, 201612=100",101.4
397,2014-02,"Charlottetown, Prince Edward Island",House only,"Index, 201612=100",100.8
398,2014-03,"Charlottetown, Prince Edward Island",House only,"Index, 201612=100",100.3
399,2014-04,"Charlottetown, Prince Edward Island",House only,"Index, 201612=100",100.3
400,2014-05,"Charlottetown, Prince Edward Island",House only,"Index, 201612=100",100.2
401,2014-06,"Charlottetown, Prince Edward Island",House only,"Index, 201612=100",99.9
402,2014-07,"Charlottetown, Prince Edward Island",House only,"Index, 201612=100",99.7
403,2014-08,"Charlottetown, Prince Edward Island",House only,"Index, 201612=100",99.7
404,2014-09,"Charlottetown, Prince Edward Island",House only,"Index, 201612=100",99.5
405,2014-10,"Charlottetown, Prince Edward Island",House only,"Index, 201612=100",99.5
406,2014-11,"Charlottetown, Prince Edward Island",House only,"Index, 201612=100",99.2
407,2014-12,"Charlottetown, Prince Edward Island",House only,"Index, 201612=100",99.6
408,2015-01,"Charlottetown, Prince Edward Island",House only,"Index, 201612=100",99.6
409,2015-02,"Charlottetown, Prince Edward Island",House only,"Index, 201612=100",99.6
410,2015-03,"Charlottetown, Prince Edward Island",House only,"Index, 201612=100",99.8
411,2015-04,"Charlottetown, Prince Edward Island",House only,"Index, 201612=100",100.8
412,2015-05,"Charlottetown, Prince Edward Island",House only,"Index, 201612=100",100.6
413,2015-06,"Charlottetown, Prince Edward Island",House only,"Index, 201612=100",100.3
414,2015-07,"Charlottetown, Prince Edward Island",House only,"Index, 201612=100",100.3
415,2015-08,"Charlottetown, Prince Edward Island",House only,"Index, 201612=100",100.2
416,2015-09,"Charlottetown, Prince Edward Island",House only,"Index, 201612=100",99.0
417,2015-10,"Charlottetown, Prince Edward Island",House only,"Index, 201612=100",99.0
418,2015-11,"Charlottetown, Prince Edward Island",House only,"Index, 201612=100",99.1
419,2015-12,"Charlottetown, Prince Edward Island",House only,"Index, 201612=100",99.1
420,2016-01,"Charlottetown, Prince Edward Island",House only,"Index, 201612=100",99.1
421,2016-02,"Charlottetown, Prince Edward Island",House only,"Index, 201612=100",100.6
422,2016-03,"Charlottetown, Prince Edward Island",House only,"Index, 201612=100",100.6
423,2016-04,"Charlottetown, Prince Edward Island",House only,"Index, 201612=100",100.5
424,2016-05,"Charlottetown, Prince Edward Island",House only,"Index, 201612=100",100.0
425,2016-06,"Charlottetown, Prince Edward Island",House only,"Index, 201612=100",100.0
426,2016-07,"Charlottetown, Prince Edward Island",House only,"Index, 201612=100",100.0
427,2016-08,"Charlottetown, Prince Edward Island",House only,"Index, 201612=100",100.0
428,2016-09,"Charlottetown, Prince Edward Island",House only,"Index, 201612=100",100.0
429,2016-10,"Charlottetown, Prince Edward Island",House only,"Index, 201612=100",100.0
430,2016-11,"Charlottetown, Prince Edward Island",House only,"Index, 201612=100",100.0
431,2016-12,"Charlottetown, Prince Edward Island",House only,"Index, 201612=100",100.0
432,2017-01,"Charlottetown, Prince Edward Island",House only,"Index, 201612=100",100.0
433,2017-02,"Charlottetown, Prince Edward Island",House only,"Index, 201612=100",100.0
434,2017-03,"Charlottetown, Prince Edward Island",House only,"Index, 201612=100",100.0
435,2017-04,"Charlottetown, Prince Edward Island",House only,"Index, 201612=100",100.0
436,2017-05,"Charlottetown, Prince Edward Island",House only,"Index, 201612=100",99.8
437,2017-06,"Charlottetown, Prince Edward Island",House only,"Index, 201612=100",99.7
438,2017-07,"Charlottetown, Prince Edward Island",House only,"Index, 201612=100",100.4
439,2017-08,"Charlottetown, Prince Edward Island",House only,"Index, 201612=100",100.4
440,2017-09,"Charlottetown, Prince Edward Island",House only,"Index, 201612=100",100.4
441,2017-10,"Charlottetown, Prince Edward Island",House only,"Index, 201612=100",100.4
442,2017-11,"Charlottetown, Prince Edward Island",House only,"Index, 201612=100",100.4
443,2017-12,"Charlottetown, Prince Edward Island",House only,"Index, 201612=100",100.4
444,2018-01,"Charlottetown, Prince Edward Island",House only,"Index, 201612=100",100.4
445,2018-02,"Charlottetown, Prince Edward Island",House only,"Index, 201612=100",100.4
446,2018-03,"Charlottetown, Prince Edward Island",House only,"Index, 201612=100",100.6
447,2018-04,"Charlottetown, Prince Edward Island",House only,"Index, 201612=100",100.7
448,2018-05,"Charlottetown, Prince Edward Island",House only,"Index, 201612=100",100.6
449,2018-06,"Charlottetown, Prince Edward Island",House only,"Index, 201612=100",100.5
450,2018-07,"Charlottetown, Prince Edward Island",House only,"Index, 201612=100",100.5
451,2018-08,"Charlottetown, Prince Edward Island",House only,"Index, 201612=100",100.6
452,2018-09,"Charlottetown, Prince Edward Island",House only,"Index, 201612=100",100.3
453,2018-10,"Charlottetown, Prince Edward Island",House only,"Index, 201612=100",100.1
454,2018-11,"Charlottetown, Prince Edward Island",House only,"Index, 201612=100",99.9
455,2018-12,"Charlottetown, Prince Edward Island",House only,"Index, 201612=100",100.0
456,2019-01,"Charlottetown, Prince Edward Island",House only,"Index, 201612=100",100.0
457,2019-02,"Charlottetown, Prince Edward Island",House only,"Index, 201612=100",100.0
458,2019-03,"Charlottetown, Prince Edward Island",House only,"Index, 201612=100",100.0
459,2019-04,"Charlottetown, Prince Edward Island",House only,"Index, 201612=100",100.0
460,2019-05,"Charlottetown, Prince Edward Island",House only,"Index, 201612=100",101.2
461,2019-06,"Charlottetown, Prince Edward Island",House only,"Index, 201612=100",101.2
462,2019-07,"Charlottetown, Prince Edward Island",House only,"Index, 201612=100",101.2
463,2019-08,"Charlottetown, Prince Edward Island",House only,"Index, 201612=100",101.2
464,2019-09,"Charlottetown, Prince Edward Island",House only,"Index, 201612=100",102.4
465,2019-10,"Charlottetown, Prince Edward Island",House only,"Index, 201612=100",102.4
466,2019-11,"Charlottetown, Prince Edward Island",House only,"Index, 201612=100",102.4
467,2019-12,"Charlottetown, Prince Edward Island",House only,"Index, 201612=100",102.4
468,2020-01,"Charlottetown, Prince Edward Island",House only,"Index, 201612=100",102.4
469,2020-02,"Charlottetown, Prince Edward Island",House only,"Index, 201612=100",102.4
470,2020-03,"Charlottetown, Prince Edward Island",House only,"Index, 201612=100",102.4
471,2020-04,"Charlottetown, Prince Edward Island",House only,"Index, 201612=100",102.4
472,2020-05,"Charlottetown, Prince Edward Island",House only,"Index, 201612=100",103.1
473,2020-06,"Charlottetown, Prince Edward Island",House only,"Index, 201612=100",103.1
474,2020-07,"Charlottetown, Prince Edward Island",House only,"Index, 201612=100",103.1
475,2020-08,"Charlottetown, Prince Edward Island",House only,"Index, 201612=100",103.1
476,2020-09,"Charlottetown, Prince Edward Island",House only,"Index, 201612=100",105.7
477,2020-10,"Charlottetown, Prince Edward Island",House only,"Index, 201612=100",105.7
478,2020-11,"Charlottetown, Prince Edward Island",House only,"Index, 201612=100",107.1
479,2020-12,"Charlottetown, Prince Edward Island",House only,"Index, 201612=100",107.0
480,2021-01,"Charlottetown, Prince Edward Island",House only,"Index, 201612=100",111.3
481,2021-02,"Charlottetown, Prince Edward Island",House only,"Index, 201612=100",111.5
482,2021-03,"Charlottetown, Prince Edward Island",House only,"Index, 201612=100",116.0
483,2021-04,"Charlottetown, Prince Edward Island",House only,"Index, 201612=100",117.5
484,2021-05,"Charlottetown, Prince Edward Island",House only,"Index, 201612=100",121.9
485,2021-06,"Charlottetown, Prince Edward Island",House only,"Index, 201612=100",121.9
486,2021-07,"Charlottetown, Prince Edward Island",House only,"Index, 201612=100",123.8
487,2021-08,"Charlottetown, Prince Edward Island",House only,"Index, 201612=100",123.9
488,2021-09,"Charlottetown, Prince Edward Island",House only,"Index, 201612=100",123.8
489,2021-10,"Charlottetown, Prince Edward Island",House only,"Index, 201612=100",123.8
490,2021-11,"Charlottetown, Prince Edward Island",House only,"Index, 201612=100",123.8
491,2021-12,"Charlottetown, Prince Edward Island",House only,"Index, 201612=100",123.6
492,2022-01,"Charlottetown, Prince Edward Island",House only,"Index, 201612=100",123.6
493,2022-02,"Charlottetown, Prince Edward Island",House only,"Index, 201612=100",123.6
494,2022-03,"Charlottetown, Prince Edward Island",House only,"Index, 201612=100",125.5
495,2022-04,"Charlottetown, Prince Edward Island",House only,"Index, 201612=100",125.5
496,2022-05,"Charlottetown, Prince Edward Island",House only,"Index, 201612=100",125.5
497,2022-06,"Charlottetown, Prince Edward Island",House only,"Index, 201612=100",126.9
498,2022-07,"Charlottetown, Prince Edward Island",House only,"Index, 201612=100",127.3
499,2022-08,"Charlottetown, Prince Edward Island",House only,"Index, 201612=100",127.3
500,2022-09,"Charlottetown, Prince Edward Island",House only,"Index, 201612=100",127.0
