,REF_DATE,GEO,New housing price indexes,UOM,HPI_prairie_region
0,1981-01,Prairie Region,House only,"Index, 201612=100",
1,1981-02,Prairie Region,House only,"Index, 201612=100",
2,1981-03,Prairie Region,House only,"Index, 201612=100",
3,1981-04,Prairie Region,House only,"Index, 201612=100",
4,1981-05,Prairie Region,House only,"Index, 201612=100",
5,1981-06,Prairie Region,House only,"Index, 201612=100",
6,1981-07,Prairie Region,House only,"Index, 201612=100",
7,1981-08,Prairie Region,House only,"Index, 201612=100",
8,1981-09,Prairie Region,House only,"Index, 201612=100",
9,1981-10,Prairie Region,House only,"Index, 201612=100",
10,1981-11,Prairie Region,House only,"Index, 201612=100",
11,1981-12,Prairie Region,House only,"Index, 201612=100",
12,1982-01,Prairie Region,House only,"Index, 201612=100",
13,1982-02,Prairie Region,House only,"Index, 201612=100",
14,1982-03,Prairie Region,House only,"Index, 201612=100",
15,1982-04,Prairie Region,House only,"Index, 201612=100",
16,1982-05,Prairie Region,House only,"Index, 201612=100",
17,1982-06,Prairie Region,House only,"Index, 201612=100",
18,1982-07,Prairie Region,House only,"Index, 201612=100",
19,1982-08,Prairie Region,House only,"Index, 201612=100",
20,1982-09,Prairie Region,House only,"Index, 201612=100",
21,1982-10,Prairie Region,House only,"Index, 201612=100",
22,1982-11,Prairie Region,House only,"Index, 201612=100",
23,1982-12,Prairie Region,House only,"Index, 201612=100",
24,1983-01,Prairie Region,House only,"Index, 201612=100",
25,1983-02,Prairie Region,House only,"Index, 201612=100",
26,1983-03,Prairie Region,House only,"Index, 201612=100",
27,1983-04,Prairie Region,House only,"Index, 201612=100",
28,1983-05,Prairie Region,House only,"Index, 201612=100",
29,1983-06,Prairie Region,House only,"Index, 201612=100",
30,1983-07,Prairie Region,House only,"Index, 201612=100",
31,1983-08,Prairie Region,House only,"Index, 201612=100",
32,1983-09,Prairie Region,House only,"Index, 201612=100",
33,1983-10,Prairie Region,House only,"Index, 201612=100",
34,1983-11,Prairie Region,House only,"Index, 201612=100",
35,1983-12,Prairie Region,House only,"Index, 201612=100",
36,1984-01,Prairie Region,House only,"Index, 201612=100",
37,1984-02,Prairie Region,House only,"Index, 201612=100",
38,1984-03,Prairie Region,House only,"Index, 201612=100",
39,1984-04,Prairie Region,House only,"Index, 201612=100",
40,1984-05,Prairie Region,House only,"Index, 201612=100",
41,1984-06,Prairie Region,House only,"Index, 201612=100",
42,1984-07,Prairie Region,House only,"Index, 201612=100",
43,1984-08,Prairie Region,House only,"Index, 201612=100",
44,1984-09,Prairie Region,House only,"Index, 201612=100",
45,1984-10,Prairie Region,House only,"Index, 201612=100",
46,1984-11,Prairie Region,House only,"Index, 201612=100",
47,1984-12,Prairie Region,House only,"Index, 201612=100",
48,1985-01,Prairie Region,House only,"Index, 201612=100",
49,1985-02,Prairie Region,House only,"Index, 201612=100",
50,1985-03,Prairie Region,House only,"Index, 201612=100",
51,1985-04,Prairie Region,House only,"Index, 201612=100",
52,1985-05,Prairie Region,House only,"Index, 201612=100",
53,1985-06,Prairie Region,House only,"Index, 201612=100",
54,1985-07,Prairie Region,House only,"Index, 201612=100",
55,1985-08,Prairie Region,House only,"Index, 201612=100",
56,1985-09,Prairie Region,House only,"Index, 201612=100",
57,1985-10,Prairie Region,House only,"Index, 201612=100",
58,1985-11,Prairie Region,House only,"Index, 201612=100",
59,1985-12,Prairie Region,House only,"Index, 201612=100",
60,1986-01,Prairie Region,House only,"Index, 201612=100",30.3
61,1986-02,Prairie Region,House only,"Index, 201612=100",30.7
62,1986-03,Prairie Region,House only,"Index, 201612=100",30.9
63,1986-04,Prairie Region,House only,"Index, 201612=100",31.0
64,1986-05,Prairie Region,House only,"Index, 201612=100",31.1
65,1986-06,Prairie Region,House only,"Index, 201612=100",31.2
66,1986-07,Prairie Region,House only,"Index, 201612=100",31.2
67,1986-08,Prairie Region,House only,"Index, 201612=100",31.3
68,1986-09,Prairie Region,House only,"Index, 201612=100",31.4
69,1986-10,Prairie Region,House only,"Index, 201612=100",31.4
70,1986-11,Prairie Region,House only,"Index, 201612=100",31.5
71,1986-12,Prairie Region,House only,"Index, 201612=100",31.7
72,1987-01,Prairie Region,House only,"Index, 201612=100",31.7
73,1987-02,Prairie Region,House only,"Index, 201612=100",31.9
74,1987-03,Prairie Region,House only,"Index, 201612=100",32.1
75,1987-04,Prairie Region,House only,"Index, 201612=100",32.3
76,1987-05,Prairie Region,House only,"Index, 201612=100",32.2
77,1987-06,Prairie Region,House only,"Index, 201612=100",32.3
78,1987-07,Prairie Region,House only,"Index, 201612=100",32.4
79,1987-08,Prairie Region,House only,"Index, 201612=100",32.5
80,1987-09,Prairie Region,House only,"Index, 201612=100",32.7
81,1987-10,Prairie Region,House only,"Index, 201612=100",32.8
82,1987-11,Prairie Region,House only,"Index, 201612=100",32.8
83,1987-12,Prairie Region,House only,"Index, 201612=100",32.8
84,1988-01,Prairie Region,House only,"Index, 201612=100",33.1
85,1988-02,Prairie Region,House only,"Index, 201612=100",33.1
86,1988-03,Prairie Region,House only,"Index, 201612=100",33.2
87,1988-04,Prairie Region,House only,"Index, 201612=100",33.3
88,1988-05,Prairie Region,House only,"Index, 201612=100",33.4
89,1988-06,Prairie Region,House only,"Index, 201612=100",33.4
90,1988-07,Prairie Region,House only,"Index, 201612=100",33.4
91,1988-08,Prairie Region,House only,"Index, 201612=100",33.5
92,1988-09,Prairie Region,House only,"Index, 201612=100",33.5
93,1988-10,Prairie Region,House only,"Index, 201612=100",33.6
94,1988-11,Prairie Region,House only,"Index, 201612=100",33.6
95,1988-12,Prairie Region,House only,"Index, 201612=100",33.5
96,1989-01,Prairie Region,House only,"Index, 201612=100",33.5
97,1989-02,Prairie Region,House only,"Index, 201612=100",33.8
98,1989-03,Prairie Region,House only,"Index, 201612=100",33.9
99,1989-04,Prairie Region,House only,"Index, 201612=100",33.8
100,1989-05,Prairie Region,House only,"Index, 201612=100",33.9
101,1989-06,Prairie Region,House only,"Index, 201612=100",34.1
102,1989-07,Prairie Region,House only,"Index, 201612=100",34.1
103,1989-08,Prairie Region,House only,"Index, 201612=100",34.3
104,1989-09,Prairie Region,House only,"Index, 201612=100",34.6
105,1989-10,Prairie Region,House only,"Index, 201612=100",34.8
106,1989-11,Prairie Region,House only,"Index, 201612=100",35.1
107,1989-12,Prairie Region,House only,"Index, 201612=100",35.6
108,1990-01,Prairie Region,House only,"Index, 201612=100",36.0
109,1990-02,Prairie Region,House only,"Index, 201612=100",36.6
110,1990-03,Prairie Region,House only,"Index, 201612=100",37.5
111,1990-04,Prairie Region,House only,"Index, 201612=100",37.5
112,1990-05,Prairie Region,House only,"Index, 201612=100",37.4
113,1990-06,Prairie Region,House only,"Index, 201612=100",37.5
114,1990-07,Prairie Region,House only,"Index, 201612=100",37.2
115,1990-08,Prairie Region,House only,"Index, 201612=100",37.3
116,1990-09,Prairie Region,House only,"Index, 201612=100",37.2
117,1990-10,Prairie Region,House only,"Index, 201612=100",37.3
118,1990-11,Prairie Region,House only,"Index, 201612=100",37.4
119,1990-12,Prairie Region,House only,"Index, 201612=100",36.8
120,1991-01,Prairie Region,House only,"Index, 201612=100",36.9
121,1991-02,Prairie Region,House only,"Index, 201612=100",36.8
122,1991-03,Prairie Region,House only,"Index, 201612=100",36.9
123,1991-04,Prairie Region,House only,"Index, 201612=100",36.6
124,1991-05,Prairie Region,House only,"Index, 201612=100",36.6
125,1991-06,Prairie Region,House only,"Index, 201612=100",36.7
126,1991-07,Prairie Region,House only,"Index, 201612=100",36.6
127,1991-08,Prairie Region,House only,"Index, 201612=100",36.6
128,1991-09,Prairie Region,House only,"Index, 201612=100",36.6
129,1991-10,Prairie Region,House only,"Index, 201612=100",36.6
130,1991-11,Prairie Region,House only,"Index, 201612=100",36.5
131,1991-12,Prairie Region,House only,"Index, 201612=100",36.4
132,1992-01,Prairie Region,House only,"Index, 201612=100",36.2
133,1992-02,Prairie Region,House only,"Index, 201612=100",36.2
134,1992-03,Prairie Region,House only,"Index, 201612=100",36.5
135,1992-04,Prairie Region,House only,"Index, 201612=100",36.5
136,1992-05,Prairie Region,House only,"Index, 201612=100",36.7
137,1992-06,Prairie Region,House only,"Index, 201612=100",36.8
138,1992-07,Prairie Region,House only,"Index, 201612=100",36.8
139,1992-08,Prairie Region,House only,"Index, 201612=100",36.8
140,1992-09,Prairie Region,House only,"Index, 201612=100",36.9
141,1992-10,Prairie Region,House only,"Index, 201612=100",37.1
142,1992-11,Prairie Region,House only,"Index, 201612=100",37.0
143,1992-12,Prairie Region,House only,"Index, 201612=100",37.1
144,1993-01,Prairie Region,House only,"Index, 201612=100",37.2
145,1993-02,Prairie Region,House only,"Index, 201612=100",37.7
146,1993-03,Prairie Region,House only,"Index, 201612=100",38.9
147,1993-04,Prairie Region,House only,"Index, 201612=100",38.8
148,1993-05,Prairie Region,House only,"Index, 201612=100",38.8
149,1993-06,Prairie Region,House only,"Index, 201612=100",38.3
150,1993-07,Prairie Region,House only,"Index, 201612=100",38.3
151,1993-08,Prairie Region,House only,"Index, 201612=100",38.3
152,1993-09,Prairie Region,House only,"Index, 201612=100",38.3
153,1993-10,Prairie Region,House only,"Index, 201612=100",38.4
154,1993-11,Prairie Region,House only,"Index, 201612=100",38.5
155,1993-12,Prairie Region,House only,"Index, 201612=100",38.7
156,1994-01,Prairie Region,House only,"Index, 201612=100",39.1
157,1994-02,Prairie Region,House only,"Index, 201612=100",39.2
158,1994-03,Prairie Region,House only,"Index, 201612=100",39.3
159,1994-04,Prairie Region,House only,"Index, 201612=100",39.3
160,1994-05,Prairie Region,House only,"Index, 201612=100",39.1
161,1994-06,Prairie Region,House only,"Index, 201612=100",39.3
162,1994-07,Prairie Region,House only,"Index, 201612=100",39.2
163,1994-08,Prairie Region,House only,"Index, 201612=100",39.3
164,1994-09,Prairie Region,House only,"Index, 201612=100",39.3
165,1994-10,Prairie Region,House only,"Index, 201612=100",39.3
166,1994-11,Prairie Region,House only,"Index, 201612=100",39.3
167,1994-12,Prairie Region,House only,"Index, 201612=100",39.2
168,1995-01,Prairie Region,House only,"Index, 201612=100",39.3
169,1995-02,Prairie Region,House only,"Index, 201612=100",39.0
170,1995-03,Prairie Region,House only,"Index, 201612=100",39.5
171,1995-04,Prairie Region,House only,"Index, 201612=100",39.5
172,1995-05,Prairie Region,House only,"Index, 201612=100",39.6
173,1995-06,Prairie Region,House only,"Index, 201612=100",39.5
174,1995-07,Prairie Region,House only,"Index, 201612=100",39.5
175,1995-08,Prairie Region,House only,"Index, 201612=100",39.4
176,1995-09,Prairie Region,House only,"Index, 201612=100",39.5
177,1995-10,Prairie Region,House only,"Index, 201612=100",39.5
178,1995-11,Prairie Region,House only,"Index, 201612=100",39.5
179,1995-12,Prairie Region,House only,"Index, 201612=100",39.5
180,1996-01,Prairie Region,House only,"Index, 201612=100",39.5
181,1996-02,Prairie Region,House only,"Index, 201612=100",39.5
182,1996-03,Prairie Region,House only,"Index, 201612=100",39.5
183,1996-04,Prairie Region,House only,"Index, 201612=100",39.5
184,1996-05,Prairie Region,House only,"Index, 201612=100",39.5
185,1996-06,Prairie Region,House only,"Index, 201612=100",39.7
186,1996-07,Prairie Region,House only,"Index, 201612=100",39.8
187,1996-08,Prairie Region,House only,"Index, 201612=100",39.8
188,1996-09,Prairie Region,House only,"Index, 201612=100",40.0
189,1996-10,Prairie Region,House only,"Index, 201612=100",40.1
190,1996-11,Prairie Region,House only,"Index, 201612=100",40.4
191,1996-12,Prairie Region,House only,"Index, 201612=100",40.9
192,1997-01,Prairie Region,House only,"Index, 201612=100",41.0
193,1997-02,Prairie Region,House only,"Index, 201612=100",41.2
194,1997-03,Prairie Region,House only,"Index, 201612=100",41.4
195,1997-04,Prairie Region,House only,"Index, 201612=100",41.5
196,1997-05,Prairie Region,House only,"Index, 201612=100",41.6
197,1997-06,Prairie Region,House only,"Index, 201612=100",41.9
198,1997-07,Prairie Region,House only,"Index, 201612=100",41.9
199,1997-08,Prairie Region,House only,"Index, 201612=100",42.1
200,1997-09,Prairie Region,House only,"Index, 201612=100",42.2
201,1997-10,Prairie Region,House only,"Index, 201612=100",42.6
202,1997-11,Prairie Region,House only,"Index, 201612=100",42.8
203,1997-12,Prairie Region,House only,"Index, 201612=100",43.1
204,1998-01,Prairie Region,House only,"Index, 201612=100",43.8
205,1998-02,Prairie Region,House only,"Index, 201612=100",44.0
206,1998-03,Prairie Region,House only,"Index, 201612=100",44.2
207,1998-04,Prairie Region,House only,"Index, 201612=100",44.4
208,1998-05,Prairie Region,House only,"Index, 201612=100",44.6
209,1998-06,Prairie Region,House only,"Index, 201612=100",44.8
210,1998-07,Prairie Region,House only,"Index, 201612=100",45.0
211,1998-08,Prairie Region,House only,"Index, 201612=100",45.1
212,1998-09,Prairie Region,House only,"Index, 201612=100",45.2
213,1998-10,Prairie Region,House only,"Index, 201612=100",45.3
214,1998-11,Prairie Region,House only,"Index, 201612=100",45.3
215,1998-12,Prairie Region,House only,"Index, 201612=100",45.5
216,1999-01,Prairie Region,House only,"Index, 201612=100",45.7
217,1999-02,Prairie Region,House only,"Index, 201612=100",45.8
218,1999-03,Prairie Region,House only,"Index, 201612=100",46.1
219,1999-04,Prairie Region,House only,"Index, 201612=100",46.1
220,1999-05,Prairie Region,House only,"Index, 201612=100",46.2
221,1999-06,Prairie Region,House only,"Index, 201612=100",46.3
222,1999-07,Prairie Region,House only,"Index, 201612=100",46.4
223,1999-08,Prairie Region,House only,"Index, 201612=100",46.8
224,1999-09,Prairie Region,House only,"Index, 201612=100",47.0
225,1999-10,Prairie Region,House only,"Index, 201612=100",47.1
226,1999-11,Prairie Region,House only,"Index, 201612=100",47.2
227,1999-12,Prairie Region,House only,"Index, 201612=100",47.3
228,2000-01,Prairie Region,House only,"Index, 201612=100",47.3
229,2000-02,Prairie Region,House only,"Index, 201612=100",47.4
230,2000-03,Prairie Region,House only,"Index, 201612=100",47.5
231,2000-04,Prairie Region,House only,"Index, 201612=100",47.5
232,2000-05,Prairie Region,House only,"Index, 201612=100",47.8
233,2000-06,Prairie Region,House only,"Index, 201612=100",47.7
234,2000-07,Prairie Region,House only,"Index, 201612=100",47.9
235,2000-08,Prairie Region,House only,"Index, 201612=100",47.9
236,2000-09,Prairie Region,House only,"Index, 201612=100",47.8
237,2000-10,Prairie Region,House only,"Index, 201612=100",47.9
238,2000-11,Prairie Region,House only,"Index, 201612=100",47.9
239,2000-12,Prairie Region,House only,"Index, 201612=100",47.9
240,2001-01,Prairie Region,House only,"Index, 201612=100",48.0
241,2001-02,Prairie Region,House only,"Index, 201612=100",48.1
242,2001-03,Prairie Region,House only,"Index, 201612=100",48.2
243,2001-04,Prairie Region,House only,"Index, 201612=100",48.3
244,2001-05,Prairie Region,House only,"Index, 201612=100",48.3
245,2001-06,Prairie Region,House only,"Index, 201612=100",48.7
246,2001-07,Prairie Region,House only,"Index, 201612=100",48.9
247,2001-08,Prairie Region,House only,"Index, 201612=100",48.9
248,2001-09,Prairie Region,House only,"Index, 201612=100",49.0
249,2001-10,Prairie Region,House only,"Index, 201612=100",49.1
250,2001-11,Prairie Region,House only,"Index, 201612=100",49.4
251,2001-12,Prairie Region,House only,"Index, 201612=100",49.6
252,2002-01,Prairie Region,House only,"Index, 201612=100",49.8
253,2002-02,Prairie Region,House only,"Index, 201612=100",50.3
254,2002-03,Prairie Region,House only,"Index, 201612=100",50.9
255,2002-04,Prairie Region,House only,"Index, 201612=100",51.2
256,2002-05,Prairie Region,House only,"Index, 201612=100",51.6
257,2002-06,Prairie Region,House only,"Index, 201612=100",52.0
258,2002-07,Prairie Region,House only,"Index, 201612=100",52.2
259,2002-08,Prairie Region,House only,"Index, 201612=100",52.4
260,2002-09,Prairie Region,House only,"Index, 201612=100",52.6
261,2002-10,Prairie Region,House only,"Index, 201612=100",52.7
262,2002-11,Prairie Region,House only,"Index, 201612=100",53.1
263,2002-12,Prairie Region,House only,"Index, 201612=100",53.4
264,2003-01,Prairie Region,House only,"Index, 201612=100",53.6
265,2003-02,Prairie Region,House only,"Index, 201612=100",53.9
266,2003-03,Prairie Region,House only,"Index, 201612=100",54.1
267,2003-04,Prairie Region,House only,"Index, 201612=100",54.3
268,2003-05,Prairie Region,House only,"Index, 201612=100",54.3
269,2003-06,Prairie Region,House only,"Index, 201612=100",54.6
270,2003-07,Prairie Region,House only,"Index, 201612=100",54.7
271,2003-08,Prairie Region,House only,"Index, 201612=100",54.8
272,2003-09,Prairie Region,House only,"Index, 201612=100",55.3
273,2003-10,Prairie Region,House only,"Index, 201612=100",55.8
274,2003-11,Prairie Region,House only,"Index, 201612=100",56.1
275,2003-12,Prairie Region,House only,"Index, 201612=100",56.6
276,2004-01,Prairie Region,House only,"Index, 201612=100",56.6
277,2004-02,Prairie Region,House only,"Index, 201612=100",56.6
278,2004-03,Prairie Region,House only,"Index, 201612=100",56.8
279,2004-04,Prairie Region,House only,"Index, 201612=100",57.1
280,2004-05,Prairie Region,House only,"Index, 201612=100",57.5
281,2004-06,Prairie Region,House only,"Index, 201612=100",58.0
282,2004-07,Prairie Region,House only,"Index, 201612=100",58.1
283,2004-08,Prairie Region,House only,"Index, 201612=100",58.2
284,2004-09,Prairie Region,House only,"Index, 201612=100",58.6
285,2004-10,Prairie Region,House only,"Index, 201612=100",58.9
286,2004-11,Prairie Region,House only,"Index, 201612=100",58.9
287,2004-12,Prairie Region,House only,"Index, 201612=100",58.9
288,2005-01,Prairie Region,House only,"Index, 201612=100",59.1
289,2005-02,Prairie Region,House only,"Index, 201612=100",59.5
290,2005-03,Prairie Region,House only,"Index, 201612=100",59.8
291,2005-04,Prairie Region,House only,"Index, 201612=100",60.1
292,2005-05,Prairie Region,House only,"Index, 201612=100",60.3
293,2005-06,Prairie Region,House only,"Index, 201612=100",61.1
294,2005-07,Prairie Region,House only,"Index, 201612=100",61.2
295,2005-08,Prairie Region,House only,"Index, 201612=100",61.5
296,2005-09,Prairie Region,House only,"Index, 201612=100",62.6
297,2005-10,Prairie Region,House only,"Index, 201612=100",64.3
298,2005-11,Prairie Region,House only,"Index, 201612=100",65.9
299,2005-12,Prairie Region,House only,"Index, 201612=100",68.3
300,2006-01,Prairie Region,House only,"Index, 201612=100",69.9
301,2006-02,Prairie Region,House only,"Index, 201612=100",71.4
302,2006-03,Prairie Region,House only,"Index, 201612=100",74.4
303,2006-04,Prairie Region,House only,"Index, 201612=100",77.6
304,2006-05,Prairie Region,House only,"Index, 201612=100",80.8
305,2006-06,Prairie Region,House only,"Index, 201612=100",85.1
306,2006-07,Prairie Region,House only,"Index, 201612=100",87.3
307,2006-08,Prairie Region,House only,"Index, 201612=100",90.4
308,2006-09,Prairie Region,House only,"Index, 201612=100",91.6
309,2006-10,Prairie Region,House only,"Index, 201612=100",91.8
310,2006-11,Prairie Region,House only,"Index, 201612=100",92.5
311,2006-12,Prairie Region,House only,"Index, 201612=100",91.9
312,2007-01,Prairie Region,House only,"Index, 201612=100",93.0
313,2007-02,Prairie Region,House only,"Index, 201612=100",94.2
314,2007-03,Prairie Region,House only,"Index, 201612=100",94.8
315,2007-04,Prairie Region,House only,"Index, 201612=100",96.9
316,2007-05,Prairie Region,House only,"Index, 201612=100",99.4
317,2007-06,Prairie Region,House only,"Index, 201612=100",99.9
318,2007-07,Prairie Region,House only,"Index, 201612=100",102.1
319,2007-08,Prairie Region,House only,"Index, 201612=100",102.6
320,2007-09,Prairie Region,House only,"Index, 201612=100",102.9
321,2007-10,Prairie Region,House only,"Index, 201612=100",102.7
322,2007-11,Prairie Region,House only,"Index, 201612=100",102.7
323,2007-12,Prairie Region,House only,"Index, 201612=100",102.7
324,2008-01,Prairie Region,House only,"Index, 201612=100",102.5
325,2008-02,Prairie Region,House only,"Index, 201612=100",102.2
326,2008-03,Prairie Region,House only,"Index, 201612=100",101.9
327,2008-04,Prairie Region,House only,"Index, 201612=100",101.2
328,2008-05,Prairie Region,House only,"Index, 201612=100",99.9
329,2008-06,Prairie Region,House only,"Index, 201612=100",99.0
330,2008-07,Prairie Region,House only,"Index, 201612=100",98.8
331,2008-08,Prairie Region,House only,"Index, 201612=100",98.1
332,2008-09,Prairie Region,House only,"Index, 201612=100",98.0
333,2008-10,Prairie Region,House only,"Index, 201612=100",96.0
334,2008-11,Prairie Region,House only,"Index, 201612=100",95.1
335,2008-12,Prairie Region,House only,"Index, 201612=100",94.2
336,2009-01,Prairie Region,House only,"Index, 201612=100",92.2
337,2009-02,Prairie Region,House only,"Index, 201612=100",90.9
338,2009-03,Prairie Region,House only,"Index, 201612=100",90.3
339,2009-04,Prairie Region,House only,"Index, 201612=100",89.5
340,2009-05,Prairie Region,House only,"Index, 201612=100",89.5
341,2009-06,Prairie Region,House only,"Index, 201612=100",89.4
342,2009-07,Prairie Region,House only,"Index, 201612=100",89.9
343,2009-08,Prairie Region,House only,"Index, 201612=100",90.2
344,2009-09,Prairie Region,House only,"Index, 201612=100",90.5
345,2009-10,Prairie Region,House only,"Index, 201612=100",90.9
346,2009-11,Prairie Region,House only,"Index, 201612=100",91.1
347,2009-12,Prairie Region,House only,"Index, 201612=100",91.3
348,2010-01,Prairie Region,House only,"Index, 201612=100",91.9
349,2010-02,Prairie Region,House only,"Index, 201612=100",92.1
350,2010-03,Prairie Region,House only,"Index, 201612=100",92.5
351,2010-04,Prairie Region,House only,"Index, 201612=100",92.6
352,2010-05,Prairie Region,House only,"Index, 201612=100",93.1
353,2010-06,Prairie Region,House only,"Index, 201612=100",93.0
354,2010-07,Prairie Region,House only,"Index, 201612=100",93.0
355,2010-08,Prairie Region,House only,"Index, 201612=100",93.0
356,2010-09,Prairie Region,House only,"Index, 201612=100",93.1
357,2010-10,Prairie Region,House only,"Index, 201612=100",92.7
358,2010-11,Prairie Region,House only,"Index, 201612=100",92.5
359,2010-12,Prairie Region,House only,"Index, 201612=100",92.5
360,2011-01,Prairie Region,House only,"Index, 201612=100",92.6
361,2011-02,Prairie Region,House only,"Index, 201612=100",92.7
362,2011-03,Prairie Region,House only,"Index, 201612=100",92.6
363,2011-04,Prairie Region,House only,"Index, 201612=100",92.5
364,2011-05,Prairie Region,House only,"Index, 201612=100",92.8
365,2011-06,Prairie Region,House only,"Index, 201612=100",92.9
366,2011-07,Prairie Region,House only,"Index, 201612=100",92.6
367,2011-08,Prairie Region,House only,"Index, 201612=100",92.6
368,2011-09,Prairie Region,House only,"Index, 201612=100",93.1
369,2011-10,Prairie Region,House only,"Index, 201612=100",93.4
370,2011-11,Prairie Region,House only,"Index, 201612=100",93.4
371,2011-12,Prairie Region,House only,"Index, 201612=100",93.5
372,2012-01,Prairie Region,House only,"Index, 201612=100",93.6
373,2012-02,Prairie Region,House only,"Index, 201612=100",93.6
374,2012-03,Prairie Region,House only,"Index, 201612=100",94.0
375,2012-04,Prairie Region,House only,"Index, 201612=100",94.2
376,2012-05,Prairie Region,House only,"Index, 201612=100",94.3
377,2012-06,Prairie Region,House only,"Index, 201612=100",94.6
378,2012-07,Prairie Region,House only,"Index, 201612=100",94.7
379,2012-08,Prairie Region,House only,"Index, 201612=100",94.8
380,2012-09,Prairie Region,House only,"Index, 201612=100",95.0
381,2012-10,Prairie Region,House only,"Index, 201612=100",95.2
382,2012-11,Prairie Region,House only,"Index, 201612=100",95.3
383,2012-12,Prairie Region,House only,"Index, 201612=100",95.7
384,2013-01,Prairie Region,House only,"Index, 201612=100",95.9
385,2013-02,Prairie Region,House only,"Index, 201612=100",96.4
386,2013-03,Prairie Region,House only,"Index, 201612=100",96.7
387,2013-04,Prairie Region,House only,"Index, 201612=100",97.1
388,2013-05,Prairie Region,House only,"Index, 201612=100",97.5
389,2013-06,Prairie Region,House only,"Index, 201612=100",97.8
390,2013-07,Prairie Region,House only,"Index, 201612=100",98.0
391,2013-08,Prairie Region,House only,"Index, 201612=100",98.4
392,2013-09,Prairie Region,House only,"Index, 201612=100",98.5
393,2013-10,Prairie Region,House only,"Index, 201612=100",98.6
394,2013-11,Prairie Region,House only,"Index, 201612=100",98.7
395,2013-12,Prairie Region,House only,"Index, 201612=100",98.8
396,2014-01,Prairie Region,House only,"Index, 201612=100",99.5
397,2014-02,Prairie Region,House only,"Index, 201612=100",100.1
398,2014-03,Prairie Region,House only,"Index, 201612=100",100.5
399,2014-04,Prairie Region,House only,"Index, 201612=100",100.6
400,2014-05,Prairie Region,House only,"Index, 201612=100",101.1
401,2014-06,Prairie Region,House only,"Index, 201612=100",101.3
402,2014-07,Prairie Region,House only,"Index, 201612=100",101.4
403,2014-08,Prairie Region,House only,"Index, 201612=100",101.5
404,2014-09,Prairie Region,House only,"Index, 201612=100",101.6
405,2014-10,Prairie Region,House only,"Index, 201612=100",101.7
406,2014-11,Prairie Region,House only,"Index, 201612=100",101.9
407,2014-12,Prairie Region,House only,"Index, 201612=100",101.9
408,2015-01,Prairie Region,House only,"Index, 201612=100",101.8
409,2015-02,Prairie Region,House only,"Index, 201612=100",101.8
410,2015-03,Prairie Region,House only,"Index, 201612=100",101.4
411,2015-04,Prairie Region,House only,"Index, 201612=100",101.2
412,2015-05,Prairie Region,House only,"Index, 201612=100",101.3
413,2015-06,Prairie Region,House only,"Index, 201612=100",101.0
414,2015-07,Prairie Region,House only,"Index, 201612=100",101.0
415,2015-08,Prairie Region,House only,"Index, 201612=100",101.0
416,2015-09,Prairie Region,House only,"Index, 201612=100",100.9
417,2015-10,Prairie Region,House only,"Index, 201612=100",101.1
418,2015-11,Prairie Region,House only,"Index, 201612=100",101.1
419,2015-12,Prairie Region,House only,"Index, 201612=100",101.1
420,2016-01,Prairie Region,House only,"Index, 201612=100",101.1
421,2016-02,Prairie Region,House only,"Index, 201612=100",100.8
422,2016-03,Prairie Region,House only,"Index, 201612=100",100.8
423,2016-04,Prairie Region,House only,"Index, 201612=100",100.8
424,2016-05,Prairie Region,House only,"Index, 201612=100",100.6
425,2016-06,Prairie Region,House only,"Index, 201612=100",100.0
426,2016-07,Prairie Region,House only,"Index, 201612=100",100.1
427,2016-08,Prairie Region,House only,"Index, 201612=100",100.0
428,2016-09,Prairie Region,House only,"Index, 201612=100",99.8
429,2016-10,Prairie Region,House only,"Index, 201612=100",99.7
430,2016-11,Prairie Region,House only,"Index, 201612=100",99.8
431,2016-12,Prairie Region,House only,"Index, 201612=100",100.0
432,2017-01,Prairie Region,House only,"Index, 201612=100",100.0
433,2017-02,Prairie Region,House only,"Index, 201612=100",100.1
434,2017-03,Prairie Region,House only,"Index, 201612=100",100.1
435,2017-04,Prairie Region,House only,"Index, 201612=100",100.2
436,2017-05,Prairie Region,House only,"Index, 201612=100",100.0
437,2017-06,Prairie Region,House only,"Index, 201612=100",99.9
438,2017-07,Prairie Region,House only,"Index, 201612=100",100.2
439,2017-08,Prairie Region,House only,"Index, 201612=100",100.3
440,2017-09,Prairie Region,House only,"Index, 201612=100",100.2
441,2017-10,Prairie Region,House only,"Index, 201612=100",100.3
442,2017-11,Prairie Region,House only,"Index, 201612=100",100.4
443,2017-12,Prairie Region,House only,"Index, 201612=100",100.2
444,2018-01,Prairie Region,House only,"Index, 201612=100",100.2
445,2018-02,Prairie Region,House only,"Index, 201612=100",99.8
446,2018-03,Prairie Region,House only,"Index, 201612=100",99.6
447,2018-04,Prairie Region,House only,"Index, 201612=100",99.5
448,2018-05,Prairie Region,House only,"Index, 201612=100",99.5
449,2018-06,Prairie Region,House only,"Index, 201612=100",99.7
450,2018-07,Prairie Region,House only,"Index, 201612=100",99.8
451,2018-08,Prairie Region,House only,"Index, 201612=100",99.4
452,2018-09,Prairie Region,House only,"Index, 201612=100",99.2
453,2018-10,Prairie Region,House only,"Index, 201612=100",99.2
454,2018-11,Prairie Region,House only,"Index, 201612=100",99.1
455,2018-12,Prairie Region,House only,"Index, 201612=100",99.2
456,2019-01,Prairie Region,House only,"Index, 201612=100",99.1
457,2019-02,Prairie Region,House only,"Index, 201612=100",99.0
458,2019-03,Prairie Region,House only,"Index, 201612=100",98.9
459,2019-04,Prairie Region,House only,"Index, 201612=100",98.4
460,2019-05,Prairie Region,House only,"Index, 201612=100",98.2
461,2019-06,Prairie Region,House only,"Index, 201612=100",97.5
462,2019-07,Prairie Region,House only,"Index, 201612=100",97.2
463,2019-08,Prairie Region,House only,"Index, 201612=100",97.2
464,2019-09,Prairie Region,House only,"Index, 201612=100",97.3
465,2019-10,Prairie Region,House only,"Index, 201612=100",97.0
466,2019-11,Prairie Region,House only,"Index, 201612=100",96.3
467,2019-12,Prairie Region,House only,"Index, 201612=100",96.6
468,2020-01,Prairie Region,House only,"Index, 201612=100",96.4
469,2020-02,Prairie Region,House only,"Index, 201612=100",96.6
470,2020-03,Prairie Region,House only,"Index, 201612=100",96.4
471,2020-04,Prairie Region,House only,"Index, 201612=100",96.2
472,2020-05,Prairie Region,House only,"Index, 201612=100",96.2
473,2020-06,Prairie Region,House only,"Index, 201612=100",96.2
474,2020-07,Prairie Region,House only,"Index, 201612=100",95.8
475,2020-08,Prairie Region,House only,"Index, 201612=100",95.8
476,2020-09,Prairie Region,House only,"Index, 201612=100",96.5
477,2020-10,Prairie Region,House only,"Index, 201612=100",96.9
478,2020-11,Prairie Region,House only,"Index, 201612=100",97.5
479,2020-12,Prairie Region,House only,"Index, 201612=100",97.4
480,2021-01,Prairie Region,House only,"Index, 201612=100",97.8
481,2021-02,Prairie Region,House only,"Index, 201612=100",99.1
482,2021-03,Prairie Region,House only,"Index, 201612=100",100.3
483,2021-04,Prairie Region,House only,"Index, 201612=100",102.8
484,2021-05,Prairie Region,House only,"Index, 201612=100",106.8
485,2021-06,Prairie Region,House only,"Index, 201612=100",109.8
486,2021-07,Prairie Region,House only,"Index, 201612=100",110.4
487,2021-08,Prairie Region,House only,"Index, 201612=100",110.3
488,2021-09,Prairie Region,House only,"Index, 201612=100",110.2
489,2021-10,Prairie Region,House only,"Index, 201612=100",110.6
490,2021-11,Prairie Region,House only,"Index, 201612=100",110.8
491,2021-12,Prairie Region,House only,"Index, 201612=100",111.7
492,2022-01,Prairie Region,House only,"Index, 201612=100",114.1
493,2022-02,Prairie Region,House only,"Index, 201612=100",118.4
494,2022-03,Prairie Region,House only,"Index, 201612=100",122.6
495,2022-04,Prairie Region,House only,"Index, 201612=100",124.3
496,2022-05,Prairie Region,House only,"Index, 201612=100",126.1
497,2022-06,Prairie Region,House only,"Index, 201612=100",126.2
498,2022-07,Prairie Region,House only,"Index, 201612=100",125.9
499,2022-08,Prairie Region,House only,"Index, 201612=100",126.5
500,2022-09,Prairie Region,House only,"Index, 201612=100",126.4
