,REF_DATE,GEO,DGUID,New housing price indexes,UOM,UOM_ID,VALUE
0,1981-01,"Greater Sudbury, Ontario",2011S0503580,House only,"Index, 201612=100",347,54.6
1,1981-02,"Greater Sudbury, Ontario",2011S0503580,House only,"Index, 201612=100",347,55.6
2,1981-03,"Greater Sudbury, Ontario",2011S0503580,House only,"Index, 201612=100",347,55.6
3,1981-04,"Greater Sudbury, Ontario",2011S0503580,House only,"Index, 201612=100",347,57.0
4,1981-05,"Greater Sudbury, Ontario",2011S0503580,House only,"Index, 201612=100",347,57.0
5,1981-06,"Greater Sudbury, Ontario",2011S0503580,House only,"Index, 201612=100",347,57.2
6,1981-07,"Greater Sudbury, Ontario",2011S0503580,House only,"Index, 201612=100",347,57.2
7,1981-08,"Greater Sudbury, Ontario",2011S0503580,House only,"Index, 201612=100",347,57.5
8,1981-09,"Greater Sudbury, Ontario",2011S0503580,House only,"Index, 201612=100",347,57.5
9,1981-10,"Greater Sudbury, Ontario",2011S0503580,House only,"Index, 201612=100",347,57.5
10,1981-11,"Greater Sudbury, Ontario",2011S0503580,House only,"Index, 201612=100",347,58.6
11,1981-12,"Greater Sudbury, Ontario",2011S0503580,House only,"Index, 201612=100",347,58.6
12,1982-01,"Greater Sudbury, Ontario",2011S0503580,House only,"Index, 201612=100",347,58.6
13,1982-02,"Greater Sudbury, Ontario",2011S0503580,House only,"Index, 201612=100",347,59.1
14,1982-03,"Greater Sudbury, Ontario",2011S0503580,House only,"Index, 201612=100",347,59.4
15,1982-04,"Greater Sudbury, Ontario",2011S0503580,House only,"Index, 201612=100",347,58.4
16,1982-05,"Greater Sudbury, Ontario",2011S0503580,House only,"Index, 201612=100",347,58.9
17,1982-06,"Greater Sudbury, Ontario",2011S0503580,House only,"Index, 201612=100",347,58.9
18,1982-07,"Greater Sudbury, Ontario",2011S0503580,House only,"Index, 201612=100",347,58.9
19,1982-08,"Greater Sudbury, Ontario",2011S0503580,House only,"Index, 201612=100",347,58.4
20,1982-09,"Greater Sudbury, Ontario",2011S0503580,House only,"Index, 201612=100",347,59.5
21,1982-10,"Greater Sudbury, Ontario",2011S0503580,House only,"Index, 201612=100",347,59.5
22,1982-11,"Greater Sudbury, Ontario",2011S0503580,House only,"Index, 201612=100",347,59.5
23,1982-12,"Greater Sudbury, Ontario",2011S0503580,House only,"Index, 201612=100",347,59.5
24,1983-01,"Greater Sudbury, Ontario",2011S0503580,House only,"Index, 201612=100",347,59.5
25,1983-02,"Greater Sudbury, Ontario",2011S0503580,House only,"Index, 201612=100",347,59.5
26,1983-03,"Greater Sudbury, Ontario",2011S0503580,House only,"Index, 201612=100",347,59.5
27,1983-04,"Greater Sudbury, Ontario",2011S0503580,House only,"Index, 201612=100",347,59.5
28,1983-05,"Greater Sudbury, Ontario",2011S0503580,House only,"Index, 201612=100",347,60.8
29,1983-06,"Greater Sudbury, Ontario",2011S0503580,House only,"Index, 201612=100",347,60.8
30,1983-07,"Greater Sudbury, Ontario",2011S0503580,House only,"Index, 201612=100",347,60.8
31,1983-08,"Greater Sudbury, Ontario",2011S0503580,House only,"Index, 201612=100",347,60.9
32,1983-09,"Greater Sudbury, Ontario",2011S0503580,House only,"Index, 201612=100",347,60.9
33,1983-10,"Greater Sudbury, Ontario",2011S0503580,House only,"Index, 201612=100",347,61.3
34,1983-11,"Greater Sudbury, Ontario",2011S0503580,House only,"Index, 201612=100",347,61.3
35,1983-12,"Greater Sudbury, Ontario",2011S0503580,House only,"Index, 201612=100",347,62.2
36,1984-01,"Greater Sudbury, Ontario",2011S0503580,House only,"Index, 201612=100",347,62.8
37,1984-02,"Greater Sudbury, Ontario",2011S0503580,House only,"Index, 201612=100",347,65.7
38,1984-03,"Greater Sudbury, Ontario",2011S0503580,House only,"Index, 201612=100",347,63.7
39,1984-04,"Greater Sudbury, Ontario",2011S0503580,House only,"Index, 201612=100",347,63.9
40,1984-05,"Greater Sudbury, Ontario",2011S0503580,House only,"Index, 201612=100",347,63.9
41,1984-06,"Greater Sudbury, Ontario",2011S0503580,House only,"Index, 201612=100",347,63.9
42,1984-07,"Greater Sudbury, Ontario",2011S0503580,House only,"Index, 201612=100",347,63.9
43,1984-08,"Greater Sudbury, Ontario",2011S0503580,House only,"Index, 201612=100",347,63.9
44,1984-09,"Greater Sudbury, Ontario",2011S0503580,House only,"Index, 201612=100",347,63.9
45,1984-10,"Greater Sudbury, Ontario",2011S0503580,House only,"Index, 201612=100",347,63.9
46,1984-11,"Greater Sudbury, Ontario",2011S0503580,House only,"Index, 201612=100",347,64.0
47,1984-12,"Greater Sudbury, Ontario",2011S0503580,House only,"Index, 201612=100",347,64.3
48,1985-01,"Greater Sudbury, Ontario",2011S0503580,House only,"Index, 201612=100",347,64.3
49,1985-02,"Greater Sudbury, Ontario",2011S0503580,House only,"Index, 201612=100",347,63.3
50,1985-03,"Greater Sudbury, Ontario",2011S0503580,House only,"Index, 201612=100",347,63.3
51,1985-04,"Greater Sudbury, Ontario",2011S0503580,House only,"Index, 201612=100",347,64.5
52,1985-05,"Greater Sudbury, Ontario",2011S0503580,House only,"Index, 201612=100",347,64.5
53,1985-06,"Greater Sudbury, Ontario",2011S0503580,House only,"Index, 201612=100",347,64.5
54,1985-07,"Greater Sudbury, Ontario",2011S0503580,House only,"Index, 201612=100",347,64.5
55,1985-08,"Greater Sudbury, Ontario",2011S0503580,House only,"Index, 201612=100",347,64.5
56,1985-09,"Greater Sudbury, Ontario",2011S0503580,House only,"Index, 201612=100",347,64.5
57,1985-10,"Greater Sudbury, Ontario",2011S0503580,House only,"Index, 201612=100",347,64.5
58,1985-11,"Greater Sudbury, Ontario",2011S0503580,House only,"Index, 201612=100",347,64.5
59,1985-12,"Greater Sudbury, Ontario",2011S0503580,House only,"Index, 201612=100",347,64.5
60,1986-01,"Greater Sudbury, Ontario",2011S0503580,House only,"Index, 201612=100",347,64.5
61,1986-02,"Greater Sudbury, Ontario",2011S0503580,House only,"Index, 201612=100",347,64.5
62,1986-03,"Greater Sudbury, Ontario",2011S0503580,House only,"Index, 201612=100",347,64.5
63,1986-04,"Greater Sudbury, Ontario",2011S0503580,House only,"Index, 201612=100",347,64.5
64,1986-05,"Greater Sudbury, Ontario",2011S0503580,House only,"Index, 201612=100",347,64.5
65,1986-06,"Greater Sudbury, Ontario",2011S0503580,House only,"Index, 201612=100",347,64.5
66,1986-07,"Greater Sudbury, Ontario",2011S0503580,House only,"Index, 201612=100",347,64.5
67,1986-08,"Greater Sudbury, Ontario",2011S0503580,House only,"Index, 201612=100",347,64.5
68,1986-09,"Greater Sudbury, Ontario",2011S0503580,House only,"Index, 201612=100",347,64.5
69,1986-10,"Greater Sudbury, Ontario",2011S0503580,House only,"Index, 201612=100",347,64.5
70,1986-11,"Greater Sudbury, Ontario",2011S0503580,House only,"Index, 201612=100",347,64.5
71,1986-12,"Greater Sudbury, Ontario",2011S0503580,House only,"Index, 201612=100",347,64.5
72,1987-01,"Greater Sudbury, Ontario",2011S0503580,House only,"Index, 201612=100",347,64.5
73,1987-02,"Greater Sudbury, Ontario",2011S0503580,House only,"Index, 201612=100",347,64.5
74,1987-03,"Greater Sudbury, Ontario",2011S0503580,House only,"Index, 201612=100",347,64.5
75,1987-04,"Greater Sudbury, Ontario",2011S0503580,House only,"Index, 201612=100",347,64.5
76,1987-05,"Greater Sudbury, Ontario",2011S0503580,House only,"Index, 201612=100",347,64.5
77,1987-06,"Greater Sudbury, Ontario",2011S0503580,House only,"Index, 201612=100",347,72.2
78,1987-07,"Greater Sudbury, Ontario",2011S0503580,House only,"Index, 201612=100",347,72.4
79,1987-08,"Greater Sudbury, Ontario",2011S0503580,House only,"Index, 201612=100",347,72.7
80,1987-09,"Greater Sudbury, Ontario",2011S0503580,House only,"Index, 201612=100",347,72.7
81,1987-10,"Greater Sudbury, Ontario",2011S0503580,House only,"Index, 201612=100",347,72.7
82,1987-11,"Greater Sudbury, Ontario",2011S0503580,House only,"Index, 201612=100",347,74.4
83,1987-12,"Greater Sudbury, Ontario",2011S0503580,House only,"Index, 201612=100",347,74.4
84,1988-01,"Greater Sudbury, Ontario",2011S0503580,House only,"Index, 201612=100",347,74.4
85,1988-02,"Greater Sudbury, Ontario",2011S0503580,House only,"Index, 201612=100",347,75.2
86,1988-03,"Greater Sudbury, Ontario",2011S0503580,House only,"Index, 201612=100",347,75.0
87,1988-04,"Greater Sudbury, Ontario",2011S0503580,House only,"Index, 201612=100",347,75.2
88,1988-05,"Greater Sudbury, Ontario",2011S0503580,House only,"Index, 201612=100",347,76.3
89,1988-06,"Greater Sudbury, Ontario",2011S0503580,House only,"Index, 201612=100",347,77.1
90,1988-07,"Greater Sudbury, Ontario",2011S0503580,House only,"Index, 201612=100",347,77.3
91,1988-08,"Greater Sudbury, Ontario",2011S0503580,House only,"Index, 201612=100",347,77.3
92,1988-09,"Greater Sudbury, Ontario",2011S0503580,House only,"Index, 201612=100",347,77.2
93,1988-10,"Greater Sudbury, Ontario",2011S0503580,House only,"Index, 201612=100",347,77.2
94,1988-11,"Greater Sudbury, Ontario",2011S0503580,House only,"Index, 201612=100",347,80.5
95,1988-12,"Greater Sudbury, Ontario",2011S0503580,House only,"Index, 201612=100",347,80.6
96,1989-01,"Greater Sudbury, Ontario",2011S0503580,House only,"Index, 201612=100",347,80.6
97,1989-02,"Greater Sudbury, Ontario",2011S0503580,House only,"Index, 201612=100",347,80.6
98,1989-03,"Greater Sudbury, Ontario",2011S0503580,House only,"Index, 201612=100",347,80.6
99,1989-04,"Greater Sudbury, Ontario",2011S0503580,House only,"Index, 201612=100",347,80.6
100,1989-05,"Greater Sudbury, Ontario",2011S0503580,House only,"Index, 201612=100",347,79.9
101,1989-06,"Greater Sudbury, Ontario",2011S0503580,House only,"Index, 201612=100",347,79.9
102,1989-07,"Greater Sudbury, Ontario",2011S0503580,House only,"Index, 201612=100",347,79.9
103,1989-08,"Greater Sudbury, Ontario",2011S0503580,House only,"Index, 201612=100",347,79.9
104,1989-09,"Greater Sudbury, Ontario",2011S0503580,House only,"Index, 201612=100",347,79.9
105,1989-10,"Greater Sudbury, Ontario",2011S0503580,House only,"Index, 201612=100",347,81.9
106,1989-11,"Greater Sudbury, Ontario",2011S0503580,House only,"Index, 201612=100",347,81.9
107,1989-12,"Greater Sudbury, Ontario",2011S0503580,House only,"Index, 201612=100",347,82.0
108,1990-01,"Greater Sudbury, Ontario",2011S0503580,House only,"Index, 201612=100",347,82.0
109,1990-02,"Greater Sudbury, Ontario",2011S0503580,House only,"Index, 201612=100",347,85.0
110,1990-03,"Greater Sudbury, Ontario",2011S0503580,House only,"Index, 201612=100",347,85.7
111,1990-04,"Greater Sudbury, Ontario",2011S0503580,House only,"Index, 201612=100",347,84.8
112,1990-05,"Greater Sudbury, Ontario",2011S0503580,House only,"Index, 201612=100",347,85.4
113,1990-06,"Greater Sudbury, Ontario",2011S0503580,House only,"Index, 201612=100",347,85.0
114,1990-07,"Greater Sudbury, Ontario",2011S0503580,House only,"Index, 201612=100",347,85.0
115,1990-08,"Greater Sudbury, Ontario",2011S0503580,House only,"Index, 201612=100",347,81.9
116,1990-09,"Greater Sudbury, Ontario",2011S0503580,House only,"Index, 201612=100",347,84.0
117,1990-10,"Greater Sudbury, Ontario",2011S0503580,House only,"Index, 201612=100",347,84.0
118,1990-11,"Greater Sudbury, Ontario",2011S0503580,House only,"Index, 201612=100",347,83.8
119,1990-12,"Greater Sudbury, Ontario",2011S0503580,House only,"Index, 201612=100",347,84.0
120,1991-01,"Greater Sudbury, Ontario",2011S0503580,House only,"Index, 201612=100",347,82.8
121,1991-02,"Greater Sudbury, Ontario",2011S0503580,House only,"Index, 201612=100",347,83.6
122,1991-03,"Greater Sudbury, Ontario",2011S0503580,House only,"Index, 201612=100",347,85.2
123,1991-04,"Greater Sudbury, Ontario",2011S0503580,House only,"Index, 201612=100",347,84.9
124,1991-05,"Greater Sudbury, Ontario",2011S0503580,House only,"Index, 201612=100",347,85.0
125,1991-06,"Greater Sudbury, Ontario",2011S0503580,House only,"Index, 201612=100",347,84.9
126,1991-07,"Greater Sudbury, Ontario",2011S0503580,House only,"Index, 201612=100",347,85.3
127,1991-08,"Greater Sudbury, Ontario",2011S0503580,House only,"Index, 201612=100",347,85.2
128,1991-09,"Greater Sudbury, Ontario",2011S0503580,House only,"Index, 201612=100",347,84.2
129,1991-10,"Greater Sudbury, Ontario",2011S0503580,House only,"Index, 201612=100",347,83.6
130,1991-11,"Greater Sudbury, Ontario",2011S0503580,House only,"Index, 201612=100",347,84.0
131,1991-12,"Greater Sudbury, Ontario",2011S0503580,House only,"Index, 201612=100",347,84.0
132,1992-01,"Greater Sudbury, Ontario",2011S0503580,House only,"Index, 201612=100",347,84.1
133,1992-02,"Greater Sudbury, Ontario",2011S0503580,House only,"Index, 201612=100",347,84.1
134,1992-03,"Greater Sudbury, Ontario",2011S0503580,House only,"Index, 201612=100",347,84.1
135,1992-04,"Greater Sudbury, Ontario",2011S0503580,House only,"Index, 201612=100",347,82.9
136,1992-05,"Greater Sudbury, Ontario",2011S0503580,House only,"Index, 201612=100",347,83.1
137,1992-06,"Greater Sudbury, Ontario",2011S0503580,House only,"Index, 201612=100",347,84.0
138,1992-07,"Greater Sudbury, Ontario",2011S0503580,House only,"Index, 201612=100",347,84.0
139,1992-08,"Greater Sudbury, Ontario",2011S0503580,House only,"Index, 201612=100",347,84.0
140,1992-09,"Greater Sudbury, Ontario",2011S0503580,House only,"Index, 201612=100",347,84.0
141,1992-10,"Greater Sudbury, Ontario",2011S0503580,House only,"Index, 201612=100",347,83.8
142,1992-11,"Greater Sudbury, Ontario",2011S0503580,House only,"Index, 201612=100",347,83.8
143,1992-12,"Greater Sudbury, Ontario",2011S0503580,House only,"Index, 201612=100",347,83.6
144,1993-01,"Greater Sudbury, Ontario",2011S0503580,House only,"Index, 201612=100",347,84.1
145,1993-02,"Greater Sudbury, Ontario",2011S0503580,House only,"Index, 201612=100",347,85.2
146,1993-03,"Greater Sudbury, Ontario",2011S0503580,House only,"Index, 201612=100",347,84.7
147,1993-04,"Greater Sudbury, Ontario",2011S0503580,House only,"Index, 201612=100",347,85.7
148,1993-05,"Greater Sudbury, Ontario",2011S0503580,House only,"Index, 201612=100",347,86.9
149,1993-06,"Greater Sudbury, Ontario",2011S0503580,House only,"Index, 201612=100",347,86.7
150,1993-07,"Greater Sudbury, Ontario",2011S0503580,House only,"Index, 201612=100",347,86.8
151,1993-08,"Greater Sudbury, Ontario",2011S0503580,House only,"Index, 201612=100",347,88.0
152,1993-09,"Greater Sudbury, Ontario",2011S0503580,House only,"Index, 201612=100",347,88.1
153,1993-10,"Greater Sudbury, Ontario",2011S0503580,House only,"Index, 201612=100",347,88.1
154,1993-11,"Greater Sudbury, Ontario",2011S0503580,House only,"Index, 201612=100",347,88.1
155,1993-12,"Greater Sudbury, Ontario",2011S0503580,House only,"Index, 201612=100",347,88.1
156,1994-01,"Greater Sudbury, Ontario",2011S0503580,House only,"Index, 201612=100",347,87.2
157,1994-02,"Greater Sudbury, Ontario",2011S0503580,House only,"Index, 201612=100",347,87.6
158,1994-03,"Greater Sudbury, Ontario",2011S0503580,House only,"Index, 201612=100",347,87.6
159,1994-04,"Greater Sudbury, Ontario",2011S0503580,House only,"Index, 201612=100",347,88.0
160,1994-05,"Greater Sudbury, Ontario",2011S0503580,House only,"Index, 201612=100",347,88.6
161,1994-06,"Greater Sudbury, Ontario",2011S0503580,House only,"Index, 201612=100",347,88.5
162,1994-07,"Greater Sudbury, Ontario",2011S0503580,House only,"Index, 201612=100",347,88.5
163,1994-08,"Greater Sudbury, Ontario",2011S0503580,House only,"Index, 201612=100",347,88.5
164,1994-09,"Greater Sudbury, Ontario",2011S0503580,House only,"Index, 201612=100",347,88.5
165,1994-10,"Greater Sudbury, Ontario",2011S0503580,House only,"Index, 201612=100",347,88.5
166,1994-11,"Greater Sudbury, Ontario",2011S0503580,House only,"Index, 201612=100",347,88.5
167,1994-12,"Greater Sudbury, Ontario",2011S0503580,House only,"Index, 201612=100",347,88.5
168,1995-01,"Greater Sudbury, Ontario",2011S0503580,House only,"Index, 201612=100",347,88.5
169,1995-02,"Greater Sudbury, Ontario",2011S0503580,House only,"Index, 201612=100",347,88.5
170,1995-03,"Greater Sudbury, Ontario",2011S0503580,House only,"Index, 201612=100",347,88.5
171,1995-04,"Greater Sudbury, Ontario",2011S0503580,House only,"Index, 201612=100",347,88.5
172,1995-05,"Greater Sudbury, Ontario",2011S0503580,House only,"Index, 201612=100",347,88.5
173,1995-06,"Greater Sudbury, Ontario",2011S0503580,House only,"Index, 201612=100",347,88.5
174,1995-07,"Greater Sudbury, Ontario",2011S0503580,House only,"Index, 201612=100",347,88.3
175,1995-08,"Greater Sudbury, Ontario",2011S0503580,House only,"Index, 201612=100",347,88.3
176,1995-09,"Greater Sudbury, Ontario",2011S0503580,House only,"Index, 201612=100",347,88.3
177,1995-10,"Greater Sudbury, Ontario",2011S0503580,House only,"Index, 201612=100",347,88.3
178,1995-11,"Greater Sudbury, Ontario",2011S0503580,House only,"Index, 201612=100",347,88.3
179,1995-12,"Greater Sudbury, Ontario",2011S0503580,House only,"Index, 201612=100",347,88.3
180,1996-01,"Greater Sudbury, Ontario",2011S0503580,House only,"Index, 201612=100",347,88.2
181,1996-02,"Greater Sudbury, Ontario",2011S0503580,House only,"Index, 201612=100",347,88.2
182,1996-03,"Greater Sudbury, Ontario",2011S0503580,House only,"Index, 201612=100",347,88.2
183,1996-04,"Greater Sudbury, Ontario",2011S0503580,House only,"Index, 201612=100",347,88.2
184,1996-05,"Greater Sudbury, Ontario",2011S0503580,House only,"Index, 201612=100",347,88.1
185,1996-06,"Greater Sudbury, Ontario",2011S0503580,House only,"Index, 201612=100",347,88.1
186,1996-07,"Greater Sudbury, Ontario",2011S0503580,House only,"Index, 201612=100",347,88.1
187,1996-08,"Greater Sudbury, Ontario",2011S0503580,House only,"Index, 201612=100",347,88.0
188,1996-09,"Greater Sudbury, Ontario",2011S0503580,House only,"Index, 201612=100",347,88.0
189,1996-10,"Greater Sudbury, Ontario",2011S0503580,House only,"Index, 201612=100",347,88.0
190,1996-11,"Greater Sudbury, Ontario",2011S0503580,House only,"Index, 201612=100",347,88.2
191,1996-12,"Greater Sudbury, Ontario",2011S0503580,House only,"Index, 201612=100",347,88.2
192,1997-01,"Greater Sudbury, Ontario",2011S0503580,House only,"Index, 201612=100",347,87.8
193,1997-02,"Greater Sudbury, Ontario",2011S0503580,House only,"Index, 201612=100",347,88.1
194,1997-03,"Greater Sudbury, Ontario",2011S0503580,House only,"Index, 201612=100",347,88.1
195,1997-04,"Greater Sudbury, Ontario",2011S0503580,House only,"Index, 201612=100",347,88.1
196,1997-05,"Greater Sudbury, Ontario",2011S0503580,House only,"Index, 201612=100",347,87.8
197,1997-06,"Greater Sudbury, Ontario",2011S0503580,House only,"Index, 201612=100",347,87.8
198,1997-07,"Greater Sudbury, Ontario",2011S0503580,House only,"Index, 201612=100",347,87.7
199,1997-08,"Greater Sudbury, Ontario",2011S0503580,House only,"Index, 201612=100",347,87.3
200,1997-09,"Greater Sudbury, Ontario",2011S0503580,House only,"Index, 201612=100",347,86.2
201,1997-10,"Greater Sudbury, Ontario",2011S0503580,House only,"Index, 201612=100",347,86.2
202,1997-11,"Greater Sudbury, Ontario",2011S0503580,House only,"Index, 201612=100",347,85.7
203,1997-12,"Greater Sudbury, Ontario",2011S0503580,House only,"Index, 201612=100",347,85.7
204,1998-01,"Greater Sudbury, Ontario",2011S0503580,House only,"Index, 201612=100",347,85.6
205,1998-02,"Greater Sudbury, Ontario",2011S0503580,House only,"Index, 201612=100",347,85.0
206,1998-03,"Greater Sudbury, Ontario",2011S0503580,House only,"Index, 201612=100",347,85.2
207,1998-04,"Greater Sudbury, Ontario",2011S0503580,House only,"Index, 201612=100",347,84.4
208,1998-05,"Greater Sudbury, Ontario",2011S0503580,House only,"Index, 201612=100",347,84.3
209,1998-06,"Greater Sudbury, Ontario",2011S0503580,House only,"Index, 201612=100",347,84.3
210,1998-07,"Greater Sudbury, Ontario",2011S0503580,House only,"Index, 201612=100",347,84.2
211,1998-08,"Greater Sudbury, Ontario",2011S0503580,House only,"Index, 201612=100",347,84.3
212,1998-09,"Greater Sudbury, Ontario",2011S0503580,House only,"Index, 201612=100",347,84.2
213,1998-10,"Greater Sudbury, Ontario",2011S0503580,House only,"Index, 201612=100",347,84.2
214,1998-11,"Greater Sudbury, Ontario",2011S0503580,House only,"Index, 201612=100",347,84.2
215,1998-12,"Greater Sudbury, Ontario",2011S0503580,House only,"Index, 201612=100",347,84.2
216,1999-01,"Greater Sudbury, Ontario",2011S0503580,House only,"Index, 201612=100",347,83.9
217,1999-02,"Greater Sudbury, Ontario",2011S0503580,House only,"Index, 201612=100",347,83.8
218,1999-03,"Greater Sudbury, Ontario",2011S0503580,House only,"Index, 201612=100",347,83.7
219,1999-04,"Greater Sudbury, Ontario",2011S0503580,House only,"Index, 201612=100",347,83.7
220,1999-05,"Greater Sudbury, Ontario",2011S0503580,House only,"Index, 201612=100",347,83.6
221,1999-06,"Greater Sudbury, Ontario",2011S0503580,House only,"Index, 201612=100",347,83.5
222,1999-07,"Greater Sudbury, Ontario",2011S0503580,House only,"Index, 201612=100",347,83.3
223,1999-08,"Greater Sudbury, Ontario",2011S0503580,House only,"Index, 201612=100",347,83.2
224,1999-09,"Greater Sudbury, Ontario",2011S0503580,House only,"Index, 201612=100",347,83.2
225,1999-10,"Greater Sudbury, Ontario",2011S0503580,House only,"Index, 201612=100",347,82.6
226,1999-11,"Greater Sudbury, Ontario",2011S0503580,House only,"Index, 201612=100",347,82.5
227,1999-12,"Greater Sudbury, Ontario",2011S0503580,House only,"Index, 201612=100",347,82.5
228,2000-01,"Greater Sudbury, Ontario",2011S0503580,House only,"Index, 201612=100",347,82.5
229,2000-02,"Greater Sudbury, Ontario",2011S0503580,House only,"Index, 201612=100",347,82.2
230,2000-03,"Greater Sudbury, Ontario",2011S0503580,House only,"Index, 201612=100",347,82.5
231,2000-04,"Greater Sudbury, Ontario",2011S0503580,House only,"Index, 201612=100",347,82.5
232,2000-05,"Greater Sudbury, Ontario",2011S0503580,House only,"Index, 201612=100",347,82.4
233,2000-06,"Greater Sudbury, Ontario",2011S0503580,House only,"Index, 201612=100",347,82.2
234,2000-07,"Greater Sudbury, Ontario",2011S0503580,House only,"Index, 201612=100",347,82.3
235,2000-08,"Greater Sudbury, Ontario",2011S0503580,House only,"Index, 201612=100",347,81.8
236,2000-09,"Greater Sudbury, Ontario",2011S0503580,House only,"Index, 201612=100",347,80.9
237,2000-10,"Greater Sudbury, Ontario",2011S0503580,House only,"Index, 201612=100",347,81.5
238,2000-11,"Greater Sudbury, Ontario",2011S0503580,House only,"Index, 201612=100",347,81.2
239,2000-12,"Greater Sudbury, Ontario",2011S0503580,House only,"Index, 201612=100",347,80.9
240,2001-01,"Greater Sudbury, Ontario",2011S0503580,House only,"Index, 201612=100",347,80.9
241,2001-02,"Greater Sudbury, Ontario",2011S0503580,House only,"Index, 201612=100",347,80.8
242,2001-03,"Greater Sudbury, Ontario",2011S0503580,House only,"Index, 201612=100",347,80.9
243,2001-04,"Greater Sudbury, Ontario",2011S0503580,House only,"Index, 201612=100",347,80.8
244,2001-05,"Greater Sudbury, Ontario",2011S0503580,House only,"Index, 201612=100",347,80.6
245,2001-06,"Greater Sudbury, Ontario",2011S0503580,House only,"Index, 201612=100",347,80.9
246,2001-07,"Greater Sudbury, Ontario",2011S0503580,House only,"Index, 201612=100",347,80.9
247,2001-08,"Greater Sudbury, Ontario",2011S0503580,House only,"Index, 201612=100",347,81.0
248,2001-09,"Greater Sudbury, Ontario",2011S0503580,House only,"Index, 201612=100",347,81.4
249,2001-10,"Greater Sudbury, Ontario",2011S0503580,House only,"Index, 201612=100",347,81.3
250,2001-11,"Greater Sudbury, Ontario",2011S0503580,House only,"Index, 201612=100",347,81.2
251,2001-12,"Greater Sudbury, Ontario",2011S0503580,House only,"Index, 201612=100",347,81.8
252,2002-01,"Greater Sudbury, Ontario",2011S0503580,House only,"Index, 201612=100",347,81.6
253,2002-02,"Greater Sudbury, Ontario",2011S0503580,House only,"Index, 201612=100",347,81.6
254,2002-03,"Greater Sudbury, Ontario",2011S0503580,House only,"Index, 201612=100",347,80.9
255,2002-04,"Greater Sudbury, Ontario",2011S0503580,House only,"Index, 201612=100",347,81.4
256,2002-05,"Greater Sudbury, Ontario",2011S0503580,House only,"Index, 201612=100",347,81.6
257,2002-06,"Greater Sudbury, Ontario",2011S0503580,House only,"Index, 201612=100",347,80.9
258,2002-07,"Greater Sudbury, Ontario",2011S0503580,House only,"Index, 201612=100",347,81.2
259,2002-08,"Greater Sudbury, Ontario",2011S0503580,House only,"Index, 201612=100",347,81.5
260,2002-09,"Greater Sudbury, Ontario",2011S0503580,House only,"Index, 201612=100",347,82.1
261,2002-10,"Greater Sudbury, Ontario",2011S0503580,House only,"Index, 201612=100",347,81.9
262,2002-11,"Greater Sudbury, Ontario",2011S0503580,House only,"Index, 201612=100",347,81.9
263,2002-12,"Greater Sudbury, Ontario",2011S0503580,House only,"Index, 201612=100",347,82.2
264,2003-01,"Greater Sudbury, Ontario",2011S0503580,House only,"Index, 201612=100",347,82.2
265,2003-02,"Greater Sudbury, Ontario",2011S0503580,House only,"Index, 201612=100",347,82.5
266,2003-03,"Greater Sudbury, Ontario",2011S0503580,House only,"Index, 201612=100",347,82.1
267,2003-04,"Greater Sudbury, Ontario",2011S0503580,House only,"Index, 201612=100",347,82.2
268,2003-05,"Greater Sudbury, Ontario",2011S0503580,House only,"Index, 201612=100",347,82.2
269,2003-06,"Greater Sudbury, Ontario",2011S0503580,House only,"Index, 201612=100",347,82.1
270,2003-07,"Greater Sudbury, Ontario",2011S0503580,House only,"Index, 201612=100",347,81.9
271,2003-08,"Greater Sudbury, Ontario",2011S0503580,House only,"Index, 201612=100",347,82.2
272,2003-09,"Greater Sudbury, Ontario",2011S0503580,House only,"Index, 201612=100",347,82.3
273,2003-10,"Greater Sudbury, Ontario",2011S0503580,House only,"Index, 201612=100",347,82.6
274,2003-11,"Greater Sudbury, Ontario",2011S0503580,House only,"Index, 201612=100",347,82.7
275,2003-12,"Greater Sudbury, Ontario",2011S0503580,House only,"Index, 201612=100",347,82.7
276,2004-01,"Greater Sudbury, Ontario",2011S0503580,House only,"Index, 201612=100",347,82.6
277,2004-02,"Greater Sudbury, Ontario",2011S0503580,House only,"Index, 201612=100",347,83.9
278,2004-03,"Greater Sudbury, Ontario",2011S0503580,House only,"Index, 201612=100",347,83.9
279,2004-04,"Greater Sudbury, Ontario",2011S0503580,House only,"Index, 201612=100",347,83.4
280,2004-05,"Greater Sudbury, Ontario",2011S0503580,House only,"Index, 201612=100",347,84.3
281,2004-06,"Greater Sudbury, Ontario",2011S0503580,House only,"Index, 201612=100",347,84.0
282,2004-07,"Greater Sudbury, Ontario",2011S0503580,House only,"Index, 201612=100",347,84.3
283,2004-08,"Greater Sudbury, Ontario",2011S0503580,House only,"Index, 201612=100",347,84.5
284,2004-09,"Greater Sudbury, Ontario",2011S0503580,House only,"Index, 201612=100",347,84.7
285,2004-10,"Greater Sudbury, Ontario",2011S0503580,House only,"Index, 201612=100",347,84.7
286,2004-11,"Greater Sudbury, Ontario",2011S0503580,House only,"Index, 201612=100",347,85.0
287,2004-12,"Greater Sudbury, Ontario",2011S0503580,House only,"Index, 201612=100",347,85.0
288,2005-01,"Greater Sudbury, Ontario",2011S0503580,House only,"Index, 201612=100",347,85.0
289,2005-02,"Greater Sudbury, Ontario",2011S0503580,House only,"Index, 201612=100",347,85.1
290,2005-03,"Greater Sudbury, Ontario",2011S0503580,House only,"Index, 201612=100",347,84.8
291,2005-04,"Greater Sudbury, Ontario",2011S0503580,House only,"Index, 201612=100",347,84.7
292,2005-05,"Greater Sudbury, Ontario",2011S0503580,House only,"Index, 201612=100",347,85.4
293,2005-06,"Greater Sudbury, Ontario",2011S0503580,House only,"Index, 201612=100",347,85.2
294,2005-07,"Greater Sudbury, Ontario",2011S0503580,House only,"Index, 201612=100",347,85.8
295,2005-08,"Greater Sudbury, Ontario",2011S0503580,House only,"Index, 201612=100",347,85.7
296,2005-09,"Greater Sudbury, Ontario",2011S0503580,House only,"Index, 201612=100",347,86.1
297,2005-10,"Greater Sudbury, Ontario",2011S0503580,House only,"Index, 201612=100",347,86.2
298,2005-11,"Greater Sudbury, Ontario",2011S0503580,House only,"Index, 201612=100",347,86.4
299,2005-12,"Greater Sudbury, Ontario",2011S0503580,House only,"Index, 201612=100",347,85.9
300,2006-01,"Greater Sudbury, Ontario",2011S0503580,House only,"Index, 201612=100",347,85.9
301,2006-02,"Greater Sudbury, Ontario",2011S0503580,House only,"Index, 201612=100",347,86.4
302,2006-03,"Greater Sudbury, Ontario",2011S0503580,House only,"Index, 201612=100",347,86.2
303,2006-04,"Greater Sudbury, Ontario",2011S0503580,House only,"Index, 201612=100",347,86.8
304,2006-05,"Greater Sudbury, Ontario",2011S0503580,House only,"Index, 201612=100",347,86.6
305,2006-06,"Greater Sudbury, Ontario",2011S0503580,House only,"Index, 201612=100",347,86.3
306,2006-07,"Greater Sudbury, Ontario",2011S0503580,House only,"Index, 201612=100",347,86.3
307,2006-08,"Greater Sudbury, Ontario",2011S0503580,House only,"Index, 201612=100",347,86.7
308,2006-09,"Greater Sudbury, Ontario",2011S0503580,House only,"Index, 201612=100",347,86.7
309,2006-10,"Greater Sudbury, Ontario",2011S0503580,House only,"Index, 201612=100",347,87.1
310,2006-11,"Greater Sudbury, Ontario",2011S0503580,House only,"Index, 201612=100",347,87.6
311,2006-12,"Greater Sudbury, Ontario",2011S0503580,House only,"Index, 201612=100",347,87.3
312,2007-01,"Greater Sudbury, Ontario",2011S0503580,House only,"Index, 201612=100",347,86.9
313,2007-02,"Greater Sudbury, Ontario",2011S0503580,House only,"Index, 201612=100",347,88.7
314,2007-03,"Greater Sudbury, Ontario",2011S0503580,House only,"Index, 201612=100",347,88.6
315,2007-04,"Greater Sudbury, Ontario",2011S0503580,House only,"Index, 201612=100",347,89.7
316,2007-05,"Greater Sudbury, Ontario",2011S0503580,House only,"Index, 201612=100",347,90.8
317,2007-06,"Greater Sudbury, Ontario",2011S0503580,House only,"Index, 201612=100",347,90.7
318,2007-07,"Greater Sudbury, Ontario",2011S0503580,House only,"Index, 201612=100",347,90.2
319,2007-08,"Greater Sudbury, Ontario",2011S0503580,House only,"Index, 201612=100",347,90.6
320,2007-09,"Greater Sudbury, Ontario",2011S0503580,House only,"Index, 201612=100",347,91.7
321,2007-10,"Greater Sudbury, Ontario",2011S0503580,House only,"Index, 201612=100",347,92.1
322,2007-11,"Greater Sudbury, Ontario",2011S0503580,House only,"Index, 201612=100",347,93.2
323,2007-12,"Greater Sudbury, Ontario",2011S0503580,House only,"Index, 201612=100",347,93.3
324,2008-01,"Greater Sudbury, Ontario",2011S0503580,House only,"Index, 201612=100",347,93.6
325,2008-02,"Greater Sudbury, Ontario",2011S0503580,House only,"Index, 201612=100",347,95.1
326,2008-03,"Greater Sudbury, Ontario",2011S0503580,House only,"Index, 201612=100",347,95.4
327,2008-04,"Greater Sudbury, Ontario",2011S0503580,House only,"Index, 201612=100",347,95.4
328,2008-05,"Greater Sudbury, Ontario",2011S0503580,House only,"Index, 201612=100",347,96.9
329,2008-06,"Greater Sudbury, Ontario",2011S0503580,House only,"Index, 201612=100",347,96.9
330,2008-07,"Greater Sudbury, Ontario",2011S0503580,House only,"Index, 201612=100",347,96.6
331,2008-08,"Greater Sudbury, Ontario",2011S0503580,House only,"Index, 201612=100",347,96.6
332,2008-09,"Greater Sudbury, Ontario",2011S0503580,House only,"Index, 201612=100",347,96.6
333,2008-10,"Greater Sudbury, Ontario",2011S0503580,House only,"Index, 201612=100",347,96.5
334,2008-11,"Greater Sudbury, Ontario",2011S0503580,House only,"Index, 201612=100",347,96.7
335,2008-12,"Greater Sudbury, Ontario",2011S0503580,House only,"Index, 201612=100",347,96.7
336,2009-01,"Greater Sudbury, Ontario",2011S0503580,House only,"Index, 201612=100",347,96.7
337,2009-02,"Greater Sudbury, Ontario",2011S0503580,House only,"Index, 201612=100",347,96.7
338,2009-03,"Greater Sudbury, Ontario",2011S0503580,House only,"Index, 201612=100",347,96.7
339,2009-04,"Greater Sudbury, Ontario",2011S0503580,House only,"Index, 201612=100",347,96.7
340,2009-05,"Greater Sudbury, Ontario",2011S0503580,House only,"Index, 201612=100",347,96.7
341,2009-06,"Greater Sudbury, Ontario",2011S0503580,House only,"Index, 201612=100",347,96.7
342,2009-07,"Greater Sudbury, Ontario",2011S0503580,House only,"Index, 201612=100",347,96.7
343,2009-08,"Greater Sudbury, Ontario",2011S0503580,House only,"Index, 201612=100",347,96.7
344,2009-09,"Greater Sudbury, Ontario",2011S0503580,House only,"Index, 201612=100",347,96.1
345,2009-10,"Greater Sudbury, Ontario",2011S0503580,House only,"Index, 201612=100",347,96.7
346,2009-11,"Greater Sudbury, Ontario",2011S0503580,House only,"Index, 201612=100",347,96.5
347,2009-12,"Greater Sudbury, Ontario",2011S0503580,House only,"Index, 201612=100",347,96.6
348,2010-01,"Greater Sudbury, Ontario",2011S0503580,House only,"Index, 201612=100",347,96.6
349,2010-02,"Greater Sudbury, Ontario",2011S0503580,House only,"Index, 201612=100",347,96.9
350,2010-03,"Greater Sudbury, Ontario",2011S0503580,House only,"Index, 201612=100",347,96.9
351,2010-04,"Greater Sudbury, Ontario",2011S0503580,House only,"Index, 201612=100",347,96.6
352,2010-05,"Greater Sudbury, Ontario",2011S0503580,House only,"Index, 201612=100",347,96.6
353,2010-06,"Greater Sudbury, Ontario",2011S0503580,House only,"Index, 201612=100",347,96.6
354,2010-07,"Greater Sudbury, Ontario",2011S0503580,House only,"Index, 201612=100",347,94.7
355,2010-08,"Greater Sudbury, Ontario",2011S0503580,House only,"Index, 201612=100",347,94.7
356,2010-09,"Greater Sudbury, Ontario",2011S0503580,House only,"Index, 201612=100",347,94.7
357,2010-10,"Greater Sudbury, Ontario",2011S0503580,House only,"Index, 201612=100",347,94.9
358,2010-11,"Greater Sudbury, Ontario",2011S0503580,House only,"Index, 201612=100",347,94.9
359,2010-12,"Greater Sudbury, Ontario",2011S0503580,House only,"Index, 201612=100",347,95.0
360,2011-01,"Greater Sudbury, Ontario",2011S0503580,House only,"Index, 201612=100",347,95.4
361,2011-02,"Greater Sudbury, Ontario",2011S0503580,House only,"Index, 201612=100",347,95.4
362,2011-03,"Greater Sudbury, Ontario",2011S0503580,House only,"Index, 201612=100",347,95.5
363,2011-04,"Greater Sudbury, Ontario",2011S0503580,House only,"Index, 201612=100",347,95.5
364,2011-05,"Greater Sudbury, Ontario",2011S0503580,House only,"Index, 201612=100",347,95.3
365,2011-06,"Greater Sudbury, Ontario",2011S0503580,House only,"Index, 201612=100",347,95.3
366,2011-07,"Greater Sudbury, Ontario",2011S0503580,House only,"Index, 201612=100",347,95.3
367,2011-08,"Greater Sudbury, Ontario",2011S0503580,House only,"Index, 201612=100",347,96.4
368,2011-09,"Greater Sudbury, Ontario",2011S0503580,House only,"Index, 201612=100",347,96.3
369,2011-10,"Greater Sudbury, Ontario",2011S0503580,House only,"Index, 201612=100",347,96.3
370,2011-11,"Greater Sudbury, Ontario",2011S0503580,House only,"Index, 201612=100",347,95.9
371,2011-12,"Greater Sudbury, Ontario",2011S0503580,House only,"Index, 201612=100",347,95.9
372,2012-01,"Greater Sudbury, Ontario",2011S0503580,House only,"Index, 201612=100",347,96.1
373,2012-02,"Greater Sudbury, Ontario",2011S0503580,House only,"Index, 201612=100",347,96.1
374,2012-03,"Greater Sudbury, Ontario",2011S0503580,House only,"Index, 201612=100",347,96.2
375,2012-04,"Greater Sudbury, Ontario",2011S0503580,House only,"Index, 201612=100",347,96.2
376,2012-05,"Greater Sudbury, Ontario",2011S0503580,House only,"Index, 201612=100",347,97.6
377,2012-06,"Greater Sudbury, Ontario",2011S0503580,House only,"Index, 201612=100",347,97.3
378,2012-07,"Greater Sudbury, Ontario",2011S0503580,House only,"Index, 201612=100",347,97.3
379,2012-08,"Greater Sudbury, Ontario",2011S0503580,House only,"Index, 201612=100",347,97.3
380,2012-09,"Greater Sudbury, Ontario",2011S0503580,House only,"Index, 201612=100",347,97.3
381,2012-10,"Greater Sudbury, Ontario",2011S0503580,House only,"Index, 201612=100",347,97.3
382,2012-11,"Greater Sudbury, Ontario",2011S0503580,House only,"Index, 201612=100",347,97.4
383,2012-12,"Greater Sudbury, Ontario",2011S0503580,House only,"Index, 201612=100",347,97.4
384,2013-01,"Greater Sudbury, Ontario",2011S0503580,House only,"Index, 201612=100",347,97.5
385,2013-02,"Greater Sudbury, Ontario",2011S0503580,House only,"Index, 201612=100",347,97.5
386,2013-03,"Greater Sudbury, Ontario",2011S0503580,House only,"Index, 201612=100",347,97.5
387,2013-04,"Greater Sudbury, Ontario",2011S0503580,House only,"Index, 201612=100",347,97.5
388,2013-05,"Greater Sudbury, Ontario",2011S0503580,House only,"Index, 201612=100",347,98.0
389,2013-06,"Greater Sudbury, Ontario",2011S0503580,House only,"Index, 201612=100",347,98.0
390,2013-07,"Greater Sudbury, Ontario",2011S0503580,House only,"Index, 201612=100",347,98.0
391,2013-08,"Greater Sudbury, Ontario",2011S0503580,House only,"Index, 201612=100",347,98.1
392,2013-09,"Greater Sudbury, Ontario",2011S0503580,House only,"Index, 201612=100",347,98.1
393,2013-10,"Greater Sudbury, Ontario",2011S0503580,House only,"Index, 201612=100",347,98.1
394,2013-11,"Greater Sudbury, Ontario",2011S0503580,House only,"Index, 201612=100",347,98.1
395,2013-12,"Greater Sudbury, Ontario",2011S0503580,House only,"Index, 201612=100",347,98.1
396,2014-01,"Greater Sudbury, Ontario",2011S0503580,House only,"Index, 201612=100",347,98.1
397,2014-02,"Greater Sudbury, Ontario",2011S0503580,House only,"Index, 201612=100",347,98.1
398,2014-03,"Greater Sudbury, Ontario",2011S0503580,House only,"Index, 201612=100",347,98.1
399,2014-04,"Greater Sudbury, Ontario",2011S0503580,House only,"Index, 201612=100",347,98.1
400,2014-05,"Greater Sudbury, Ontario",2011S0503580,House only,"Index, 201612=100",347,98.5
401,2014-06,"Greater Sudbury, Ontario",2011S0503580,House only,"Index, 201612=100",347,98.5
402,2014-07,"Greater Sudbury, Ontario",2011S0503580,House only,"Index, 201612=100",347,98.5
403,2014-08,"Greater Sudbury, Ontario",2011S0503580,House only,"Index, 201612=100",347,98.5
404,2014-09,"Greater Sudbury, Ontario",2011S0503580,House only,"Index, 201612=100",347,98.5
405,2014-10,"Greater Sudbury, Ontario",2011S0503580,House only,"Index, 201612=100",347,98.5
406,2014-11,"Greater Sudbury, Ontario",2011S0503580,House only,"Index, 201612=100",347,98.5
407,2014-12,"Greater Sudbury, Ontario",2011S0503580,House only,"Index, 201612=100",347,98.5
408,2015-01,"Greater Sudbury, Ontario",2011S0503580,House only,"Index, 201612=100",347,98.5
409,2015-02,"Greater Sudbury, Ontario",2011S0503580,House only,"Index, 201612=100",347,98.5
410,2015-03,"Greater Sudbury, Ontario",2011S0503580,House only,"Index, 201612=100",347,98.5
411,2015-04,"Greater Sudbury, Ontario",2011S0503580,House only,"Index, 201612=100",347,98.5
412,2015-05,"Greater Sudbury, Ontario",2011S0503580,House only,"Index, 201612=100",347,98.8
413,2015-06,"Greater Sudbury, Ontario",2011S0503580,House only,"Index, 201612=100",347,99.0
414,2015-07,"Greater Sudbury, Ontario",2011S0503580,House only,"Index, 201612=100",347,98.9
415,2015-08,"Greater Sudbury, Ontario",2011S0503580,House only,"Index, 201612=100",347,98.9
416,2015-09,"Greater Sudbury, Ontario",2011S0503580,House only,"Index, 201612=100",347,98.9
417,2015-10,"Greater Sudbury, Ontario",2011S0503580,House only,"Index, 201612=100",347,98.9
418,2015-11,"Greater Sudbury, Ontario",2011S0503580,House only,"Index, 201612=100",347,99.1
419,2015-12,"Greater Sudbury, Ontario",2011S0503580,House only,"Index, 201612=100",347,98.9
420,2016-01,"Greater Sudbury, Ontario",2011S0503580,House only,"Index, 201612=100",347,98.9
421,2016-02,"Greater Sudbury, Ontario",2011S0503580,House only,"Index, 201612=100",347,98.9
422,2016-03,"Greater Sudbury, Ontario",2011S0503580,House only,"Index, 201612=100",347,98.9
423,2016-04,"Greater Sudbury, Ontario",2011S0503580,House only,"Index, 201612=100",347,98.9
424,2016-05,"Greater Sudbury, Ontario",2011S0503580,House only,"Index, 201612=100",347,98.7
425,2016-06,"Greater Sudbury, Ontario",2011S0503580,House only,"Index, 201612=100",347,98.9
426,2016-07,"Greater Sudbury, Ontario",2011S0503580,House only,"Index, 201612=100",347,98.9
427,2016-08,"Greater Sudbury, Ontario",2011S0503580,House only,"Index, 201612=100",347,99.4
428,2016-09,"Greater Sudbury, Ontario",2011S0503580,House only,"Index, 201612=100",347,99.8
429,2016-10,"Greater Sudbury, Ontario",2011S0503580,House only,"Index, 201612=100",347,100.0
430,2016-11,"Greater Sudbury, Ontario",2011S0503580,House only,"Index, 201612=100",347,100.0
431,2016-12,"Greater Sudbury, Ontario",2011S0503580,House only,"Index, 201612=100",347,100.0
432,2017-01,"Greater Sudbury, Ontario",2011S0503580,House only,"Index, 201612=100",347,99.1
433,2017-02,"Greater Sudbury, Ontario",2011S0503580,House only,"Index, 201612=100",347,99.4
434,2017-03,"Greater Sudbury, Ontario",2011S0503580,House only,"Index, 201612=100",347,99.6
435,2017-04,"Greater Sudbury, Ontario",2011S0503580,House only,"Index, 201612=100",347,99.6
436,2017-05,"Greater Sudbury, Ontario",2011S0503580,House only,"Index, 201612=100",347,99.6
437,2017-06,"Greater Sudbury, Ontario",2011S0503580,House only,"Index, 201612=100",347,99.6
438,2017-07,"Greater Sudbury, Ontario",2011S0503580,House only,"Index, 201612=100",347,99.6
439,2017-08,"Greater Sudbury, Ontario",2011S0503580,House only,"Index, 201612=100",347,99.6
440,2017-09,"Greater Sudbury, Ontario",2011S0503580,House only,"Index, 201612=100",347,99.6
441,2017-10,"Greater Sudbury, Ontario",2011S0503580,House only,"Index, 201612=100",347,99.6
442,2017-11,"Greater Sudbury, Ontario",2011S0503580,House only,"Index, 201612=100",347,99.6
443,2017-12,"Greater Sudbury, Ontario",2011S0503580,House only,"Index, 201612=100",347,99.6
444,2018-01,"Greater Sudbury, Ontario",2011S0503580,House only,"Index, 201612=100",347,99.6
445,2018-02,"Greater Sudbury, Ontario",2011S0503580,House only,"Index, 201612=100",347,99.6
446,2018-03,"Greater Sudbury, Ontario",2011S0503580,House only,"Index, 201612=100",347,99.8
447,2018-04,"Greater Sudbury, Ontario",2011S0503580,House only,"Index, 201612=100",347,99.8
448,2018-05,"Greater Sudbury, Ontario",2011S0503580,House only,"Index, 201612=100",347,100.0
449,2018-06,"Greater Sudbury, Ontario",2011S0503580,House only,"Index, 201612=100",347,100.5
450,2018-07,"Greater Sudbury, Ontario",2011S0503580,House only,"Index, 201612=100",347,100.5
451,2018-08,"Greater Sudbury, Ontario",2011S0503580,House only,"Index, 201612=100",347,100.8
452,2018-09,"Greater Sudbury, Ontario",2011S0503580,House only,"Index, 201612=100",347,100.8
453,2018-10,"Greater Sudbury, Ontario",2011S0503580,House only,"Index, 201612=100",347,100.8
454,2018-11,"Greater Sudbury, Ontario",2011S0503580,House only,"Index, 201612=100",347,100.8
455,2018-12,"Greater Sudbury, Ontario",2011S0503580,House only,"Index, 201612=100",347,100.6
456,2019-01,"Greater Sudbury, Ontario",2011S0503580,House only,"Index, 201612=100",347,100.9
457,2019-02,"Greater Sudbury, Ontario",2011S0503580,House only,"Index, 201612=100",347,101.2
458,2019-03,"Greater Sudbury, Ontario",2011S0503580,House only,"Index, 201612=100",347,101.2
459,2019-04,"Greater Sudbury, Ontario",2011S0503580,House only,"Index, 201612=100",347,101.2
460,2019-05,"Greater Sudbury, Ontario",2011S0503580,House only,"Index, 201612=100",347,101.2
461,2019-06,"Greater Sudbury, Ontario",2011S0503580,House only,"Index, 201612=100",347,100.9
462,2019-07,"Greater Sudbury, Ontario",2011S0503580,House only,"Index, 201612=100",347,101.2
463,2019-08,"Greater Sudbury, Ontario",2011S0503580,House only,"Index, 201612=100",347,101.7
464,2019-09,"Greater Sudbury, Ontario",2011S0503580,House only,"Index, 201612=100",347,101.7
465,2019-10,"Greater Sudbury, Ontario",2011S0503580,House only,"Index, 201612=100",347,101.7
466,2019-11,"Greater Sudbury, Ontario",2011S0503580,House only,"Index, 201612=100",347,101.7
467,2019-12,"Greater Sudbury, Ontario",2011S0503580,House only,"Index, 201612=100",347,101.4
468,2020-01,"Greater Sudbury, Ontario",2011S0503580,House only,"Index, 201612=100",347,102.7
469,2020-02,"Greater Sudbury, Ontario",2011S0503580,House only,"Index, 201612=100",347,102.7
470,2020-03,"Greater Sudbury, Ontario",2011S0503580,House only,"Index, 201612=100",347,102.7
471,2020-04,"Greater Sudbury, Ontario",2011S0503580,House only,"Index, 201612=100",347,102.7
472,2020-05,"Greater Sudbury, Ontario",2011S0503580,House only,"Index, 201612=100",347,102.7
473,2020-06,"Greater Sudbury, Ontario",2011S0503580,House only,"Index, 201612=100",347,102.7
474,2020-07,"Greater Sudbury, Ontario",2011S0503580,House only,"Index, 201612=100",347,102.7
475,2020-08,"Greater Sudbury, Ontario",2011S0503580,House only,"Index, 201612=100",347,103.2
476,2020-09,"Greater Sudbury, Ontario",2011S0503580,House only,"Index, 201612=100",347,103.5
477,2020-10,"Greater Sudbury, Ontario",2011S0503580,House only,"Index, 201612=100",347,103.7
478,2020-11,"Greater Sudbury, Ontario",2011S0503580,House only,"Index, 201612=100",347,103.7
479,2020-12,"Greater Sudbury, Ontario",2011S0503580,House only,"Index, 201612=100",347,104.0
480,2021-01,"Greater Sudbury, Ontario",2011S0503580,House only,"Index, 201612=100",347,106.5
481,2021-02,"Greater Sudbury, Ontario",2011S0503580,House only,"Index, 201612=100",347,107.7
482,2021-03,"Greater Sudbury, Ontario",2011S0503580,House only,"Index, 201612=100",347,108.2
483,2021-04,"Greater Sudbury, Ontario",2011S0503580,House only,"Index, 201612=100",347,118.6
484,2021-05,"Greater Sudbury, Ontario",2011S0503580,House only,"Index, 201612=100",347,119.3
485,2021-06,"Greater Sudbury, Ontario",2011S0503580,House only,"Index, 201612=100",347,119.3
486,2021-07,"Greater Sudbury, Ontario",2011S0503580,House only,"Index, 201612=100",347,121.4
487,2021-08,"Greater Sudbury, Ontario",2011S0503580,House only,"Index, 201612=100",347,121.4
488,2021-09,"Greater Sudbury, Ontario",2011S0503580,House only,"Index, 201612=100",347,120.6
489,2021-10,"Greater Sudbury, Ontario",2011S0503580,House only,"Index, 201612=100",347,120.5
490,2021-11,"Greater Sudbury, Ontario",2011S0503580,House only,"Index, 201612=100",347,121.7
491,2021-12,"Greater Sudbury, Ontario",2011S0503580,House only,"Index, 201612=100",347,121.7
492,2022-01,"Greater Sudbury, Ontario",2011S0503580,House only,"Index, 201612=100",347,121.7
493,2022-02,"Greater Sudbury, Ontario",2011S0503580,House only,"Index, 201612=100",347,121.7
494,2022-03,"Greater Sudbury, Ontario",2011S0503580,House only,"Index, 201612=100",347,121.7
495,2022-04,"Greater Sudbury, Ontario",2011S0503580,House only,"Index, 201612=100",347,121.7
496,2022-05,"Greater Sudbury, Ontario",2011S0503580,House only,"Index, 201612=100",347,122.3
497,2022-06,"Greater Sudbury, Ontario",2011S0503580,House only,"Index, 201612=100",347,122.5
498,2022-07,"Greater Sudbury, Ontario",2011S0503580,House only,"Index, 201612=100",347,122.5
499,2022-08,"Greater Sudbury, Ontario",2011S0503580,House only,"Index, 201612=100",347,122.5
500,2022-09,"Greater Sudbury, Ontario",2011S0503580,House only,"Index, 201612=100",347,122.5
