,REF_DATE,GEO,New housing price indexes,UOM,HPI_troisriv_qc
0,1981-01,"Trois-Rivières, Quebec",House only,"Index, 201612=100",
1,1981-02,"Trois-Rivières, Quebec",House only,"Index, 201612=100",
2,1981-03,"Trois-Rivières, Quebec",House only,"Index, 201612=100",
3,1981-04,"Trois-Rivières, Quebec",House only,"Index, 201612=100",
4,1981-05,"Trois-Rivières, Quebec",House only,"Index, 201612=100",
5,1981-06,"Trois-Rivières, Quebec",House only,"Index, 201612=100",
6,1981-07,"Trois-Rivières, Quebec",House only,"Index, 201612=100",
7,1981-08,"Trois-Rivières, Quebec",House only,"Index, 201612=100",
8,1981-09,"Trois-Rivières, Quebec",House only,"Index, 201612=100",
9,1981-10,"Trois-Rivières, Quebec",House only,"Index, 201612=100",
10,1981-11,"Trois-Rivières, Quebec",House only,"Index, 201612=100",
11,1981-12,"Trois-Rivières, Quebec",House only,"Index, 201612=100",
12,1982-01,"Trois-Rivières, Quebec",House only,"Index, 201612=100",
13,1982-02,"Trois-Rivières, Quebec",House only,"Index, 201612=100",
14,1982-03,"Trois-Rivières, Quebec",House only,"Index, 201612=100",
15,1982-04,"Trois-Rivières, Quebec",House only,"Index, 201612=100",
16,1982-05,"Trois-Rivières, Quebec",House only,"Index, 201612=100",
17,1982-06,"Trois-Rivières, Quebec",House only,"Index, 201612=100",
18,1982-07,"Trois-Rivières, Quebec",House only,"Index, 201612=100",
19,1982-08,"Trois-Rivières, Quebec",House only,"Index, 201612=100",
20,1982-09,"Trois-Rivières, Quebec",House only,"Index, 201612=100",
21,1982-10,"Trois-Rivières, Quebec",House only,"Index, 201612=100",
22,1982-11,"Trois-Rivières, Quebec",House only,"Index, 201612=100",
23,1982-12,"Trois-Rivières, Quebec",House only,"Index, 201612=100",
24,1983-01,"Trois-Rivières, Quebec",House only,"Index, 201612=100",
25,1983-02,"Trois-Rivières, Quebec",House only,"Index, 201612=100",
26,1983-03,"Trois-Rivières, Quebec",House only,"Index, 201612=100",
27,1983-04,"Trois-Rivières, Quebec",House only,"Index, 201612=100",
28,1983-05,"Trois-Rivières, Quebec",House only,"Index, 201612=100",
29,1983-06,"Trois-Rivières, Quebec",House only,"Index, 201612=100",
30,1983-07,"Trois-Rivières, Quebec",House only,"Index, 201612=100",
31,1983-08,"Trois-Rivières, Quebec",House only,"Index, 201612=100",
32,1983-09,"Trois-Rivières, Quebec",House only,"Index, 201612=100",
33,1983-10,"Trois-Rivières, Quebec",House only,"Index, 201612=100",
34,1983-11,"Trois-Rivières, Quebec",House only,"Index, 201612=100",
35,1983-12,"Trois-Rivières, Quebec",House only,"Index, 201612=100",
36,1984-01,"Trois-Rivières, Quebec",House only,"Index, 201612=100",
37,1984-02,"Trois-Rivières, Quebec",House only,"Index, 201612=100",
38,1984-03,"Trois-Rivières, Quebec",House only,"Index, 201612=100",
39,1984-04,"Trois-Rivières, Quebec",House only,"Index, 201612=100",
40,1984-05,"Trois-Rivières, Quebec",House only,"Index, 201612=100",
41,1984-06,"Trois-Rivières, Quebec",House only,"Index, 201612=100",
42,1984-07,"Trois-Rivières, Quebec",House only,"Index, 201612=100",
43,1984-08,"Trois-Rivières, Quebec",House only,"Index, 201612=100",
44,1984-09,"Trois-Rivières, Quebec",House only,"Index, 201612=100",
45,1984-10,"Trois-Rivières, Quebec",House only,"Index, 201612=100",
46,1984-11,"Trois-Rivières, Quebec",House only,"Index, 201612=100",
47,1984-12,"Trois-Rivières, Quebec",House only,"Index, 201612=100",
48,1985-01,"Trois-Rivières, Quebec",House only,"Index, 201612=100",
49,1985-02,"Trois-Rivières, Quebec",House only,"Index, 201612=100",
50,1985-03,"Trois-Rivières, Quebec",House only,"Index, 201612=100",
51,1985-04,"Trois-Rivières, Quebec",House only,"Index, 201612=100",
52,1985-05,"Trois-Rivières, Quebec",House only,"Index, 201612=100",
53,1985-06,"Trois-Rivières, Quebec",House only,"Index, 201612=100",
54,1985-07,"Trois-Rivières, Quebec",House only,"Index, 201612=100",
55,1985-08,"Trois-Rivières, Quebec",House only,"Index, 201612=100",
56,1985-09,"Trois-Rivières, Quebec",House only,"Index, 201612=100",
57,1985-10,"Trois-Rivières, Quebec",House only,"Index, 201612=100",
58,1985-11,"Trois-Rivières, Quebec",House only,"Index, 201612=100",
59,1985-12,"Trois-Rivières, Quebec",House only,"Index, 201612=100",
60,1986-01,"Trois-Rivières, Quebec",House only,"Index, 201612=100",
61,1986-02,"Trois-Rivières, Quebec",House only,"Index, 201612=100",
62,1986-03,"Trois-Rivières, Quebec",House only,"Index, 201612=100",
63,1986-04,"Trois-Rivières, Quebec",House only,"Index, 201612=100",
64,1986-05,"Trois-Rivières, Quebec",House only,"Index, 201612=100",
65,1986-06,"Trois-Rivières, Quebec",House only,"Index, 201612=100",
66,1986-07,"Trois-Rivières, Quebec",House only,"Index, 201612=100",
67,1986-08,"Trois-Rivières, Quebec",House only,"Index, 201612=100",
68,1986-09,"Trois-Rivières, Quebec",House only,"Index, 201612=100",
69,1986-10,"Trois-Rivières, Quebec",House only,"Index, 201612=100",
70,1986-11,"Trois-Rivières, Quebec",House only,"Index, 201612=100",
71,1986-12,"Trois-Rivières, Quebec",House only,"Index, 201612=100",
72,1987-01,"Trois-Rivières, Quebec",House only,"Index, 201612=100",
73,1987-02,"Trois-Rivières, Quebec",House only,"Index, 201612=100",
74,1987-03,"Trois-Rivières, Quebec",House only,"Index, 201612=100",
75,1987-04,"Trois-Rivières, Quebec",House only,"Index, 201612=100",
76,1987-05,"Trois-Rivières, Quebec",House only,"Index, 201612=100",
77,1987-06,"Trois-Rivières, Quebec",House only,"Index, 201612=100",
78,1987-07,"Trois-Rivières, Quebec",House only,"Index, 201612=100",
79,1987-08,"Trois-Rivières, Quebec",House only,"Index, 201612=100",
80,1987-09,"Trois-Rivières, Quebec",House only,"Index, 201612=100",
81,1987-10,"Trois-Rivières, Quebec",House only,"Index, 201612=100",
82,1987-11,"Trois-Rivières, Quebec",House only,"Index, 201612=100",
83,1987-12,"Trois-Rivières, Quebec",House only,"Index, 201612=100",
84,1988-01,"Trois-Rivières, Quebec",House only,"Index, 201612=100",
85,1988-02,"Trois-Rivières, Quebec",House only,"Index, 201612=100",
86,1988-03,"Trois-Rivières, Quebec",House only,"Index, 201612=100",
87,1988-04,"Trois-Rivières, Quebec",House only,"Index, 201612=100",
88,1988-05,"Trois-Rivières, Quebec",House only,"Index, 201612=100",
89,1988-06,"Trois-Rivières, Quebec",House only,"Index, 201612=100",
90,1988-07,"Trois-Rivières, Quebec",House only,"Index, 201612=100",
91,1988-08,"Trois-Rivières, Quebec",House only,"Index, 201612=100",
92,1988-09,"Trois-Rivières, Quebec",House only,"Index, 201612=100",
93,1988-10,"Trois-Rivières, Quebec",House only,"Index, 201612=100",
94,1988-11,"Trois-Rivières, Quebec",House only,"Index, 201612=100",
95,1988-12,"Trois-Rivières, Quebec",House only,"Index, 201612=100",
96,1989-01,"Trois-Rivières, Quebec",House only,"Index, 201612=100",
97,1989-02,"Trois-Rivières, Quebec",House only,"Index, 201612=100",
98,1989-03,"Trois-Rivières, Quebec",House only,"Index, 201612=100",
99,1989-04,"Trois-Rivières, Quebec",House only,"Index, 201612=100",
100,1989-05,"Trois-Rivières, Quebec",House only,"Index, 201612=100",
101,1989-06,"Trois-Rivières, Quebec",House only,"Index, 201612=100",
102,1989-07,"Trois-Rivières, Quebec",House only,"Index, 201612=100",
103,1989-08,"Trois-Rivières, Quebec",House only,"Index, 201612=100",
104,1989-09,"Trois-Rivières, Quebec",House only,"Index, 201612=100",
105,1989-10,"Trois-Rivières, Quebec",House only,"Index, 201612=100",
106,1989-11,"Trois-Rivières, Quebec",House only,"Index, 201612=100",
107,1989-12,"Trois-Rivières, Quebec",House only,"Index, 201612=100",
108,1990-01,"Trois-Rivières, Quebec",House only,"Index, 201612=100",
109,1990-02,"Trois-Rivières, Quebec",House only,"Index, 201612=100",
110,1990-03,"Trois-Rivières, Quebec",House only,"Index, 201612=100",
111,1990-04,"Trois-Rivières, Quebec",House only,"Index, 201612=100",
112,1990-05,"Trois-Rivières, Quebec",House only,"Index, 201612=100",
113,1990-06,"Trois-Rivières, Quebec",House only,"Index, 201612=100",
114,1990-07,"Trois-Rivières, Quebec",House only,"Index, 201612=100",
115,1990-08,"Trois-Rivières, Quebec",House only,"Index, 201612=100",
116,1990-09,"Trois-Rivières, Quebec",House only,"Index, 201612=100",
117,1990-10,"Trois-Rivières, Quebec",House only,"Index, 201612=100",
118,1990-11,"Trois-Rivières, Quebec",House only,"Index, 201612=100",
119,1990-12,"Trois-Rivières, Quebec",House only,"Index, 201612=100",
120,1991-01,"Trois-Rivières, Quebec",House only,"Index, 201612=100",
121,1991-02,"Trois-Rivières, Quebec",House only,"Index, 201612=100",
122,1991-03,"Trois-Rivières, Quebec",House only,"Index, 201612=100",
123,1991-04,"Trois-Rivières, Quebec",House only,"Index, 201612=100",
124,1991-05,"Trois-Rivières, Quebec",House only,"Index, 201612=100",
125,1991-06,"Trois-Rivières, Quebec",House only,"Index, 201612=100",
126,1991-07,"Trois-Rivières, Quebec",House only,"Index, 201612=100",
127,1991-08,"Trois-Rivières, Quebec",House only,"Index, 201612=100",
128,1991-09,"Trois-Rivières, Quebec",House only,"Index, 201612=100",
129,1991-10,"Trois-Rivières, Quebec",House only,"Index, 201612=100",
130,1991-11,"Trois-Rivières, Quebec",House only,"Index, 201612=100",
131,1991-12,"Trois-Rivières, Quebec",House only,"Index, 201612=100",
132,1992-01,"Trois-Rivières, Quebec",House only,"Index, 201612=100",
133,1992-02,"Trois-Rivières, Quebec",House only,"Index, 201612=100",
134,1992-03,"Trois-Rivières, Quebec",House only,"Index, 201612=100",
135,1992-04,"Trois-Rivières, Quebec",House only,"Index, 201612=100",
136,1992-05,"Trois-Rivières, Quebec",House only,"Index, 201612=100",
137,1992-06,"Trois-Rivières, Quebec",House only,"Index, 201612=100",
138,1992-07,"Trois-Rivières, Quebec",House only,"Index, 201612=100",
139,1992-08,"Trois-Rivières, Quebec",House only,"Index, 201612=100",
140,1992-09,"Trois-Rivières, Quebec",House only,"Index, 201612=100",
141,1992-10,"Trois-Rivières, Quebec",House only,"Index, 201612=100",
142,1992-11,"Trois-Rivières, Quebec",House only,"Index, 201612=100",
143,1992-12,"Trois-Rivières, Quebec",House only,"Index, 201612=100",
144,1993-01,"Trois-Rivières, Quebec",House only,"Index, 201612=100",
145,1993-02,"Trois-Rivières, Quebec",House only,"Index, 201612=100",
146,1993-03,"Trois-Rivières, Quebec",House only,"Index, 201612=100",
147,1993-04,"Trois-Rivières, Quebec",House only,"Index, 201612=100",
148,1993-05,"Trois-Rivières, Quebec",House only,"Index, 201612=100",
149,1993-06,"Trois-Rivières, Quebec",House only,"Index, 201612=100",
150,1993-07,"Trois-Rivières, Quebec",House only,"Index, 201612=100",
151,1993-08,"Trois-Rivières, Quebec",House only,"Index, 201612=100",
152,1993-09,"Trois-Rivières, Quebec",House only,"Index, 201612=100",
153,1993-10,"Trois-Rivières, Quebec",House only,"Index, 201612=100",
154,1993-11,"Trois-Rivières, Quebec",House only,"Index, 201612=100",
155,1993-12,"Trois-Rivières, Quebec",House only,"Index, 201612=100",
156,1994-01,"Trois-Rivières, Quebec",House only,"Index, 201612=100",
157,1994-02,"Trois-Rivières, Quebec",House only,"Index, 201612=100",
158,1994-03,"Trois-Rivières, Quebec",House only,"Index, 201612=100",
159,1994-04,"Trois-Rivières, Quebec",House only,"Index, 201612=100",
160,1994-05,"Trois-Rivières, Quebec",House only,"Index, 201612=100",
161,1994-06,"Trois-Rivières, Quebec",House only,"Index, 201612=100",
162,1994-07,"Trois-Rivières, Quebec",House only,"Index, 201612=100",
163,1994-08,"Trois-Rivières, Quebec",House only,"Index, 201612=100",
164,1994-09,"Trois-Rivières, Quebec",House only,"Index, 201612=100",
165,1994-10,"Trois-Rivières, Quebec",House only,"Index, 201612=100",
166,1994-11,"Trois-Rivières, Quebec",House only,"Index, 201612=100",
167,1994-12,"Trois-Rivières, Quebec",House only,"Index, 201612=100",
168,1995-01,"Trois-Rivières, Quebec",House only,"Index, 201612=100",
169,1995-02,"Trois-Rivières, Quebec",House only,"Index, 201612=100",
170,1995-03,"Trois-Rivières, Quebec",House only,"Index, 201612=100",
171,1995-04,"Trois-Rivières, Quebec",House only,"Index, 201612=100",
172,1995-05,"Trois-Rivières, Quebec",House only,"Index, 201612=100",
173,1995-06,"Trois-Rivières, Quebec",House only,"Index, 201612=100",
174,1995-07,"Trois-Rivières, Quebec",House only,"Index, 201612=100",
175,1995-08,"Trois-Rivières, Quebec",House only,"Index, 201612=100",
176,1995-09,"Trois-Rivières, Quebec",House only,"Index, 201612=100",
177,1995-10,"Trois-Rivières, Quebec",House only,"Index, 201612=100",
178,1995-11,"Trois-Rivières, Quebec",House only,"Index, 201612=100",
179,1995-12,"Trois-Rivières, Quebec",House only,"Index, 201612=100",
180,1996-01,"Trois-Rivières, Quebec",House only,"Index, 201612=100",
181,1996-02,"Trois-Rivières, Quebec",House only,"Index, 201612=100",
182,1996-03,"Trois-Rivières, Quebec",House only,"Index, 201612=100",
183,1996-04,"Trois-Rivières, Quebec",House only,"Index, 201612=100",
184,1996-05,"Trois-Rivières, Quebec",House only,"Index, 201612=100",
185,1996-06,"Trois-Rivières, Quebec",House only,"Index, 201612=100",
186,1996-07,"Trois-Rivières, Quebec",House only,"Index, 201612=100",
187,1996-08,"Trois-Rivières, Quebec",House only,"Index, 201612=100",
188,1996-09,"Trois-Rivières, Quebec",House only,"Index, 201612=100",
189,1996-10,"Trois-Rivières, Quebec",House only,"Index, 201612=100",
190,1996-11,"Trois-Rivières, Quebec",House only,"Index, 201612=100",
191,1996-12,"Trois-Rivières, Quebec",House only,"Index, 201612=100",
192,1997-01,"Trois-Rivières, Quebec",House only,"Index, 201612=100",
193,1997-02,"Trois-Rivières, Quebec",House only,"Index, 201612=100",
194,1997-03,"Trois-Rivières, Quebec",House only,"Index, 201612=100",
195,1997-04,"Trois-Rivières, Quebec",House only,"Index, 201612=100",
196,1997-05,"Trois-Rivières, Quebec",House only,"Index, 201612=100",
197,1997-06,"Trois-Rivières, Quebec",House only,"Index, 201612=100",
198,1997-07,"Trois-Rivières, Quebec",House only,"Index, 201612=100",
199,1997-08,"Trois-Rivières, Quebec",House only,"Index, 201612=100",
200,1997-09,"Trois-Rivières, Quebec",House only,"Index, 201612=100",
201,1997-10,"Trois-Rivières, Quebec",House only,"Index, 201612=100",
202,1997-11,"Trois-Rivières, Quebec",House only,"Index, 201612=100",
203,1997-12,"Trois-Rivières, Quebec",House only,"Index, 201612=100",
204,1998-01,"Trois-Rivières, Quebec",House only,"Index, 201612=100",
205,1998-02,"Trois-Rivières, Quebec",House only,"Index, 201612=100",
206,1998-03,"Trois-Rivières, Quebec",House only,"Index, 201612=100",
207,1998-04,"Trois-Rivières, Quebec",House only,"Index, 201612=100",
208,1998-05,"Trois-Rivières, Quebec",House only,"Index, 201612=100",
209,1998-06,"Trois-Rivières, Quebec",House only,"Index, 201612=100",
210,1998-07,"Trois-Rivières, Quebec",House only,"Index, 201612=100",
211,1998-08,"Trois-Rivières, Quebec",House only,"Index, 201612=100",
212,1998-09,"Trois-Rivières, Quebec",House only,"Index, 201612=100",
213,1998-10,"Trois-Rivières, Quebec",House only,"Index, 201612=100",
214,1998-11,"Trois-Rivières, Quebec",House only,"Index, 201612=100",
215,1998-12,"Trois-Rivières, Quebec",House only,"Index, 201612=100",
216,1999-01,"Trois-Rivières, Quebec",House only,"Index, 201612=100",
217,1999-02,"Trois-Rivières, Quebec",House only,"Index, 201612=100",
218,1999-03,"Trois-Rivières, Quebec",House only,"Index, 201612=100",
219,1999-04,"Trois-Rivières, Quebec",House only,"Index, 201612=100",
220,1999-05,"Trois-Rivières, Quebec",House only,"Index, 201612=100",
221,1999-06,"Trois-Rivières, Quebec",House only,"Index, 201612=100",
222,1999-07,"Trois-Rivières, Quebec",House only,"Index, 201612=100",
223,1999-08,"Trois-Rivières, Quebec",House only,"Index, 201612=100",
224,1999-09,"Trois-Rivières, Quebec",House only,"Index, 201612=100",
225,1999-10,"Trois-Rivières, Quebec",House only,"Index, 201612=100",
226,1999-11,"Trois-Rivières, Quebec",House only,"Index, 201612=100",
227,1999-12,"Trois-Rivières, Quebec",House only,"Index, 201612=100",
228,2000-01,"Trois-Rivières, Quebec",House only,"Index, 201612=100",
229,2000-02,"Trois-Rivières, Quebec",House only,"Index, 201612=100",
230,2000-03,"Trois-Rivières, Quebec",House only,"Index, 201612=100",
231,2000-04,"Trois-Rivières, Quebec",House only,"Index, 201612=100",
232,2000-05,"Trois-Rivières, Quebec",House only,"Index, 201612=100",
233,2000-06,"Trois-Rivières, Quebec",House only,"Index, 201612=100",
234,2000-07,"Trois-Rivières, Quebec",House only,"Index, 201612=100",
235,2000-08,"Trois-Rivières, Quebec",House only,"Index, 201612=100",
236,2000-09,"Trois-Rivières, Quebec",House only,"Index, 201612=100",
237,2000-10,"Trois-Rivières, Quebec",House only,"Index, 201612=100",
238,2000-11,"Trois-Rivières, Quebec",House only,"Index, 201612=100",
239,2000-12,"Trois-Rivières, Quebec",House only,"Index, 201612=100",
240,2001-01,"Trois-Rivières, Quebec",House only,"Index, 201612=100",
241,2001-02,"Trois-Rivières, Quebec",House only,"Index, 201612=100",
242,2001-03,"Trois-Rivières, Quebec",House only,"Index, 201612=100",
243,2001-04,"Trois-Rivières, Quebec",House only,"Index, 201612=100",
244,2001-05,"Trois-Rivières, Quebec",House only,"Index, 201612=100",
245,2001-06,"Trois-Rivières, Quebec",House only,"Index, 201612=100",
246,2001-07,"Trois-Rivières, Quebec",House only,"Index, 201612=100",
247,2001-08,"Trois-Rivières, Quebec",House only,"Index, 201612=100",
248,2001-09,"Trois-Rivières, Quebec",House only,"Index, 201612=100",
249,2001-10,"Trois-Rivières, Quebec",House only,"Index, 201612=100",
250,2001-11,"Trois-Rivières, Quebec",House only,"Index, 201612=100",
251,2001-12,"Trois-Rivières, Quebec",House only,"Index, 201612=100",
252,2002-01,"Trois-Rivières, Quebec",House only,"Index, 201612=100",
253,2002-02,"Trois-Rivières, Quebec",House only,"Index, 201612=100",
254,2002-03,"Trois-Rivières, Quebec",House only,"Index, 201612=100",
255,2002-04,"Trois-Rivières, Quebec",House only,"Index, 201612=100",
256,2002-05,"Trois-Rivières, Quebec",House only,"Index, 201612=100",
257,2002-06,"Trois-Rivières, Quebec",House only,"Index, 201612=100",
258,2002-07,"Trois-Rivières, Quebec",House only,"Index, 201612=100",
259,2002-08,"Trois-Rivières, Quebec",House only,"Index, 201612=100",
260,2002-09,"Trois-Rivières, Quebec",House only,"Index, 201612=100",
261,2002-10,"Trois-Rivières, Quebec",House only,"Index, 201612=100",
262,2002-11,"Trois-Rivières, Quebec",House only,"Index, 201612=100",
263,2002-12,"Trois-Rivières, Quebec",House only,"Index, 201612=100",
264,2003-01,"Trois-Rivières, Quebec",House only,"Index, 201612=100",
265,2003-02,"Trois-Rivières, Quebec",House only,"Index, 201612=100",
266,2003-03,"Trois-Rivières, Quebec",House only,"Index, 201612=100",
267,2003-04,"Trois-Rivières, Quebec",House only,"Index, 201612=100",
268,2003-05,"Trois-Rivières, Quebec",House only,"Index, 201612=100",
269,2003-06,"Trois-Rivières, Quebec",House only,"Index, 201612=100",
270,2003-07,"Trois-Rivières, Quebec",House only,"Index, 201612=100",
271,2003-08,"Trois-Rivières, Quebec",House only,"Index, 201612=100",
272,2003-09,"Trois-Rivières, Quebec",House only,"Index, 201612=100",
273,2003-10,"Trois-Rivières, Quebec",House only,"Index, 201612=100",
274,2003-11,"Trois-Rivières, Quebec",House only,"Index, 201612=100",
275,2003-12,"Trois-Rivières, Quebec",House only,"Index, 201612=100",
276,2004-01,"Trois-Rivières, Quebec",House only,"Index, 201612=100",
277,2004-02,"Trois-Rivières, Quebec",House only,"Index, 201612=100",
278,2004-03,"Trois-Rivières, Quebec",House only,"Index, 201612=100",
279,2004-04,"Trois-Rivières, Quebec",House only,"Index, 201612=100",
280,2004-05,"Trois-Rivières, Quebec",House only,"Index, 201612=100",
281,2004-06,"Trois-Rivières, Quebec",House only,"Index, 201612=100",
282,2004-07,"Trois-Rivières, Quebec",House only,"Index, 201612=100",
283,2004-08,"Trois-Rivières, Quebec",House only,"Index, 201612=100",
284,2004-09,"Trois-Rivières, Quebec",House only,"Index, 201612=100",
285,2004-10,"Trois-Rivières, Quebec",House only,"Index, 201612=100",
286,2004-11,"Trois-Rivières, Quebec",House only,"Index, 201612=100",
287,2004-12,"Trois-Rivières, Quebec",House only,"Index, 201612=100",
288,2005-01,"Trois-Rivières, Quebec",House only,"Index, 201612=100",
289,2005-02,"Trois-Rivières, Quebec",House only,"Index, 201612=100",
290,2005-03,"Trois-Rivières, Quebec",House only,"Index, 201612=100",
291,2005-04,"Trois-Rivières, Quebec",House only,"Index, 201612=100",
292,2005-05,"Trois-Rivières, Quebec",House only,"Index, 201612=100",
293,2005-06,"Trois-Rivières, Quebec",House only,"Index, 201612=100",
294,2005-07,"Trois-Rivières, Quebec",House only,"Index, 201612=100",
295,2005-08,"Trois-Rivières, Quebec",House only,"Index, 201612=100",
296,2005-09,"Trois-Rivières, Quebec",House only,"Index, 201612=100",
297,2005-10,"Trois-Rivières, Quebec",House only,"Index, 201612=100",
298,2005-11,"Trois-Rivières, Quebec",House only,"Index, 201612=100",
299,2005-12,"Trois-Rivières, Quebec",House only,"Index, 201612=100",
300,2006-01,"Trois-Rivières, Quebec",House only,"Index, 201612=100",
301,2006-02,"Trois-Rivières, Quebec",House only,"Index, 201612=100",
302,2006-03,"Trois-Rivières, Quebec",House only,"Index, 201612=100",
303,2006-04,"Trois-Rivières, Quebec",House only,"Index, 201612=100",
304,2006-05,"Trois-Rivières, Quebec",House only,"Index, 201612=100",
305,2006-06,"Trois-Rivières, Quebec",House only,"Index, 201612=100",
306,2006-07,"Trois-Rivières, Quebec",House only,"Index, 201612=100",
307,2006-08,"Trois-Rivières, Quebec",House only,"Index, 201612=100",
308,2006-09,"Trois-Rivières, Quebec",House only,"Index, 201612=100",
309,2006-10,"Trois-Rivières, Quebec",House only,"Index, 201612=100",
310,2006-11,"Trois-Rivières, Quebec",House only,"Index, 201612=100",
311,2006-12,"Trois-Rivières, Quebec",House only,"Index, 201612=100",
312,2007-01,"Trois-Rivières, Quebec",House only,"Index, 201612=100",
313,2007-02,"Trois-Rivières, Quebec",House only,"Index, 201612=100",
314,2007-03,"Trois-Rivières, Quebec",House only,"Index, 201612=100",
315,2007-04,"Trois-Rivières, Quebec",House only,"Index, 201612=100",
316,2007-05,"Trois-Rivières, Quebec",House only,"Index, 201612=100",
317,2007-06,"Trois-Rivières, Quebec",House only,"Index, 201612=100",
318,2007-07,"Trois-Rivières, Quebec",House only,"Index, 201612=100",
319,2007-08,"Trois-Rivières, Quebec",House only,"Index, 201612=100",
320,2007-09,"Trois-Rivières, Quebec",House only,"Index, 201612=100",
321,2007-10,"Trois-Rivières, Quebec",House only,"Index, 201612=100",
322,2007-11,"Trois-Rivières, Quebec",House only,"Index, 201612=100",
323,2007-12,"Trois-Rivières, Quebec",House only,"Index, 201612=100",
324,2008-01,"Trois-Rivières, Quebec",House only,"Index, 201612=100",
325,2008-02,"Trois-Rivières, Quebec",House only,"Index, 201612=100",
326,2008-03,"Trois-Rivières, Quebec",House only,"Index, 201612=100",
327,2008-04,"Trois-Rivières, Quebec",House only,"Index, 201612=100",
328,2008-05,"Trois-Rivières, Quebec",House only,"Index, 201612=100",
329,2008-06,"Trois-Rivières, Quebec",House only,"Index, 201612=100",
330,2008-07,"Trois-Rivières, Quebec",House only,"Index, 201612=100",
331,2008-08,"Trois-Rivières, Quebec",House only,"Index, 201612=100",
332,2008-09,"Trois-Rivières, Quebec",House only,"Index, 201612=100",
333,2008-10,"Trois-Rivières, Quebec",House only,"Index, 201612=100",
334,2008-11,"Trois-Rivières, Quebec",House only,"Index, 201612=100",
335,2008-12,"Trois-Rivières, Quebec",House only,"Index, 201612=100",
336,2009-01,"Trois-Rivières, Quebec",House only,"Index, 201612=100",
337,2009-02,"Trois-Rivières, Quebec",House only,"Index, 201612=100",
338,2009-03,"Trois-Rivières, Quebec",House only,"Index, 201612=100",
339,2009-04,"Trois-Rivières, Quebec",House only,"Index, 201612=100",
340,2009-05,"Trois-Rivières, Quebec",House only,"Index, 201612=100",
341,2009-06,"Trois-Rivières, Quebec",House only,"Index, 201612=100",
342,2009-07,"Trois-Rivières, Quebec",House only,"Index, 201612=100",
343,2009-08,"Trois-Rivières, Quebec",House only,"Index, 201612=100",
344,2009-09,"Trois-Rivières, Quebec",House only,"Index, 201612=100",
345,2009-10,"Trois-Rivières, Quebec",House only,"Index, 201612=100",
346,2009-11,"Trois-Rivières, Quebec",House only,"Index, 201612=100",
347,2009-12,"Trois-Rivières, Quebec",House only,"Index, 201612=100",
348,2010-01,"Trois-Rivières, Quebec",House only,"Index, 201612=100",
349,2010-02,"Trois-Rivières, Quebec",House only,"Index, 201612=100",
350,2010-03,"Trois-Rivières, Quebec",House only,"Index, 201612=100",
351,2010-04,"Trois-Rivières, Quebec",House only,"Index, 201612=100",
352,2010-05,"Trois-Rivières, Quebec",House only,"Index, 201612=100",
353,2010-06,"Trois-Rivières, Quebec",House only,"Index, 201612=100",
354,2010-07,"Trois-Rivières, Quebec",House only,"Index, 201612=100",
355,2010-08,"Trois-Rivières, Quebec",House only,"Index, 201612=100",
356,2010-09,"Trois-Rivières, Quebec",House only,"Index, 201612=100",
357,2010-10,"Trois-Rivières, Quebec",House only,"Index, 201612=100",
358,2010-11,"Trois-Rivières, Quebec",House only,"Index, 201612=100",
359,2010-12,"Trois-Rivières, Quebec",House only,"Index, 201612=100",
360,2011-01,"Trois-Rivières, Quebec",House only,"Index, 201612=100",
361,2011-02,"Trois-Rivières, Quebec",House only,"Index, 201612=100",
362,2011-03,"Trois-Rivières, Quebec",House only,"Index, 201612=100",
363,2011-04,"Trois-Rivières, Quebec",House only,"Index, 201612=100",
364,2011-05,"Trois-Rivières, Quebec",House only,"Index, 201612=100",
365,2011-06,"Trois-Rivières, Quebec",House only,"Index, 201612=100",
366,2011-07,"Trois-Rivières, Quebec",House only,"Index, 201612=100",
367,2011-08,"Trois-Rivières, Quebec",House only,"Index, 201612=100",
368,2011-09,"Trois-Rivières, Quebec",House only,"Index, 201612=100",
369,2011-10,"Trois-Rivières, Quebec",House only,"Index, 201612=100",
370,2011-11,"Trois-Rivières, Quebec",House only,"Index, 201612=100",
371,2011-12,"Trois-Rivières, Quebec",House only,"Index, 201612=100",
372,2012-01,"Trois-Rivières, Quebec",House only,"Index, 201612=100",
373,2012-02,"Trois-Rivières, Quebec",House only,"Index, 201612=100",
374,2012-03,"Trois-Rivières, Quebec",House only,"Index, 201612=100",
375,2012-04,"Trois-Rivières, Quebec",House only,"Index, 201612=100",
376,2012-05,"Trois-Rivières, Quebec",House only,"Index, 201612=100",
377,2012-06,"Trois-Rivières, Quebec",House only,"Index, 201612=100",
378,2012-07,"Trois-Rivières, Quebec",House only,"Index, 201612=100",
379,2012-08,"Trois-Rivières, Quebec",House only,"Index, 201612=100",
380,2012-09,"Trois-Rivières, Quebec",House only,"Index, 201612=100",
381,2012-10,"Trois-Rivières, Quebec",House only,"Index, 201612=100",
382,2012-11,"Trois-Rivières, Quebec",House only,"Index, 201612=100",
383,2012-12,"Trois-Rivières, Quebec",House only,"Index, 201612=100",
384,2013-01,"Trois-Rivières, Quebec",House only,"Index, 201612=100",
385,2013-02,"Trois-Rivières, Quebec",House only,"Index, 201612=100",
386,2013-03,"Trois-Rivières, Quebec",House only,"Index, 201612=100",
387,2013-04,"Trois-Rivières, Quebec",House only,"Index, 201612=100",
388,2013-05,"Trois-Rivières, Quebec",House only,"Index, 201612=100",
389,2013-06,"Trois-Rivières, Quebec",House only,"Index, 201612=100",
390,2013-07,"Trois-Rivières, Quebec",House only,"Index, 201612=100",
391,2013-08,"Trois-Rivières, Quebec",House only,"Index, 201612=100",
392,2013-09,"Trois-Rivières, Quebec",House only,"Index, 201612=100",
393,2013-10,"Trois-Rivières, Quebec",House only,"Index, 201612=100",
394,2013-11,"Trois-Rivières, Quebec",House only,"Index, 201612=100",
395,2013-12,"Trois-Rivières, Quebec",House only,"Index, 201612=100",
396,2014-01,"Trois-Rivières, Quebec",House only,"Index, 201612=100",
397,2014-02,"Trois-Rivières, Quebec",House only,"Index, 201612=100",
398,2014-03,"Trois-Rivières, Quebec",House only,"Index, 201612=100",
399,2014-04,"Trois-Rivières, Quebec",House only,"Index, 201612=100",
400,2014-05,"Trois-Rivières, Quebec",House only,"Index, 201612=100",
401,2014-06,"Trois-Rivières, Quebec",House only,"Index, 201612=100",
402,2014-07,"Trois-Rivières, Quebec",House only,"Index, 201612=100",
403,2014-08,"Trois-Rivières, Quebec",House only,"Index, 201612=100",
404,2014-09,"Trois-Rivières, Quebec",House only,"Index, 201612=100",
405,2014-10,"Trois-Rivières, Quebec",House only,"Index, 201612=100",
406,2014-11,"Trois-Rivières, Quebec",House only,"Index, 201612=100",
407,2014-12,"Trois-Rivières, Quebec",House only,"Index, 201612=100",
408,2015-01,"Trois-Rivières, Quebec",House only,"Index, 201612=100",
409,2015-02,"Trois-Rivières, Quebec",House only,"Index, 201612=100",
410,2015-03,"Trois-Rivières, Quebec",House only,"Index, 201612=100",
411,2015-04,"Trois-Rivières, Quebec",House only,"Index, 201612=100",
412,2015-05,"Trois-Rivières, Quebec",House only,"Index, 201612=100",
413,2015-06,"Trois-Rivières, Quebec",House only,"Index, 201612=100",
414,2015-07,"Trois-Rivières, Quebec",House only,"Index, 201612=100",
415,2015-08,"Trois-Rivières, Quebec",House only,"Index, 201612=100",
416,2015-09,"Trois-Rivières, Quebec",House only,"Index, 201612=100",
417,2015-10,"Trois-Rivières, Quebec",House only,"Index, 201612=100",
418,2015-11,"Trois-Rivières, Quebec",House only,"Index, 201612=100",
419,2015-12,"Trois-Rivières, Quebec",House only,"Index, 201612=100",
420,2016-01,"Trois-Rivières, Quebec",House only,"Index, 201612=100",
421,2016-02,"Trois-Rivières, Quebec",House only,"Index, 201612=100",
422,2016-03,"Trois-Rivières, Quebec",House only,"Index, 201612=100",
423,2016-04,"Trois-Rivières, Quebec",House only,"Index, 201612=100",
424,2016-05,"Trois-Rivières, Quebec",House only,"Index, 201612=100",
425,2016-06,"Trois-Rivières, Quebec",House only,"Index, 201612=100",
426,2016-07,"Trois-Rivières, Quebec",House only,"Index, 201612=100",
427,2016-08,"Trois-Rivières, Quebec",House only,"Index, 201612=100",
428,2016-09,"Trois-Rivières, Quebec",House only,"Index, 201612=100",
429,2016-10,"Trois-Rivières, Quebec",House only,"Index, 201612=100",
430,2016-11,"Trois-Rivières, Quebec",House only,"Index, 201612=100",
431,2016-12,"Trois-Rivières, Quebec",House only,"Index, 201612=100",100.0
432,2017-01,"Trois-Rivières, Quebec",House only,"Index, 201612=100",100.0
433,2017-02,"Trois-Rivières, Quebec",House only,"Index, 201612=100",100.0
434,2017-03,"Trois-Rivières, Quebec",House only,"Index, 201612=100",100.0
435,2017-04,"Trois-Rivières, Quebec",House only,"Index, 201612=100",100.0
436,2017-05,"Trois-Rivières, Quebec",House only,"Index, 201612=100",100.0
437,2017-06,"Trois-Rivières, Quebec",House only,"Index, 201612=100",100.0
438,2017-07,"Trois-Rivières, Quebec",House only,"Index, 201612=100",100.0
439,2017-08,"Trois-Rivières, Quebec",House only,"Index, 201612=100",100.0
440,2017-09,"Trois-Rivières, Quebec",House only,"Index, 201612=100",100.0
441,2017-10,"Trois-Rivières, Quebec",House only,"Index, 201612=100",100.0
442,2017-11,"Trois-Rivières, Quebec",House only,"Index, 201612=100",100.3
443,2017-12,"Trois-Rivières, Quebec",House only,"Index, 201612=100",100.3
444,2018-01,"Trois-Rivières, Quebec",House only,"Index, 201612=100",100.7
445,2018-02,"Trois-Rivières, Quebec",House only,"Index, 201612=100",100.7
446,2018-03,"Trois-Rivières, Quebec",House only,"Index, 201612=100",100.7
447,2018-04,"Trois-Rivières, Quebec",House only,"Index, 201612=100",100.7
448,2018-05,"Trois-Rivières, Quebec",House only,"Index, 201612=100",100.7
449,2018-06,"Trois-Rivières, Quebec",House only,"Index, 201612=100",100.7
450,2018-07,"Trois-Rivières, Quebec",House only,"Index, 201612=100",100.7
451,2018-08,"Trois-Rivières, Quebec",House only,"Index, 201612=100",100.7
452,2018-09,"Trois-Rivières, Quebec",House only,"Index, 201612=100",100.7
453,2018-10,"Trois-Rivières, Quebec",House only,"Index, 201612=100",101.2
454,2018-11,"Trois-Rivières, Quebec",House only,"Index, 201612=100",101.2
455,2018-12,"Trois-Rivières, Quebec",House only,"Index, 201612=100",101.2
456,2019-01,"Trois-Rivières, Quebec",House only,"Index, 201612=100",101.5
457,2019-02,"Trois-Rivières, Quebec",House only,"Index, 201612=100",101.5
458,2019-03,"Trois-Rivières, Quebec",House only,"Index, 201612=100",101.8
459,2019-04,"Trois-Rivières, Quebec",House only,"Index, 201612=100",101.8
460,2019-05,"Trois-Rivières, Quebec",House only,"Index, 201612=100",101.8
461,2019-06,"Trois-Rivières, Quebec",House only,"Index, 201612=100",101.8
462,2019-07,"Trois-Rivières, Quebec",House only,"Index, 201612=100",101.8
463,2019-08,"Trois-Rivières, Quebec",House only,"Index, 201612=100",102.4
464,2019-09,"Trois-Rivières, Quebec",House only,"Index, 201612=100",103.5
465,2019-10,"Trois-Rivières, Quebec",House only,"Index, 201612=100",103.5
466,2019-11,"Trois-Rivières, Quebec",House only,"Index, 201612=100",103.5
467,2019-12,"Trois-Rivières, Quebec",House only,"Index, 201612=100",103.5
468,2020-01,"Trois-Rivières, Quebec",House only,"Index, 201612=100",103.5
469,2020-02,"Trois-Rivières, Quebec",House only,"Index, 201612=100",103.5
470,2020-03,"Trois-Rivières, Quebec",House only,"Index, 201612=100",103.5
471,2020-04,"Trois-Rivières, Quebec",House only,"Index, 201612=100",103.5
472,2020-05,"Trois-Rivières, Quebec",House only,"Index, 201612=100",103.5
473,2020-06,"Trois-Rivières, Quebec",House only,"Index, 201612=100",103.5
474,2020-07,"Trois-Rivières, Quebec",House only,"Index, 201612=100",104.0
475,2020-08,"Trois-Rivières, Quebec",House only,"Index, 201612=100",104.3
476,2020-09,"Trois-Rivières, Quebec",House only,"Index, 201612=100",105.8
477,2020-10,"Trois-Rivières, Quebec",House only,"Index, 201612=100",108.5
478,2020-11,"Trois-Rivières, Quebec",House only,"Index, 201612=100",108.5
479,2020-12,"Trois-Rivières, Quebec",House only,"Index, 201612=100",108.5
480,2021-01,"Trois-Rivières, Quebec",House only,"Index, 201612=100",109.0
481,2021-02,"Trois-Rivières, Quebec",House only,"Index, 201612=100",109.4
482,2021-03,"Trois-Rivières, Quebec",House only,"Index, 201612=100",109.4
483,2021-04,"Trois-Rivières, Quebec",House only,"Index, 201612=100",109.4
484,2021-05,"Trois-Rivières, Quebec",House only,"Index, 201612=100",109.4
485,2021-06,"Trois-Rivières, Quebec",House only,"Index, 201612=100",110.7
486,2021-07,"Trois-Rivières, Quebec",House only,"Index, 201612=100",110.7
487,2021-08,"Trois-Rivières, Quebec",House only,"Index, 201612=100",110.7
488,2021-09,"Trois-Rivières, Quebec",House only,"Index, 201612=100",110.7
489,2021-10,"Trois-Rivières, Quebec",House only,"Index, 201612=100",110.7
490,2021-11,"Trois-Rivières, Quebec",House only,"Index, 201612=100",110.7
491,2021-12,"Trois-Rivières, Quebec",House only,"Index, 201612=100",110.7
492,2022-01,"Trois-Rivières, Quebec",House only,"Index, 201612=100",112.6
493,2022-02,"Trois-Rivières, Quebec",House only,"Index, 201612=100",112.6
494,2022-03,"Trois-Rivières, Quebec",House only,"Index, 201612=100",112.6
495,2022-04,"Trois-Rivières, Quebec",House only,"Index, 201612=100",112.6
496,2022-05,"Trois-Rivières, Quebec",House only,"Index, 201612=100",112.6
497,2022-06,"Trois-Rivières, Quebec",House only,"Index, 201612=100",112.6
498,2022-07,"Trois-Rivières, Quebec",House only,"Index, 201612=100",112.6
499,2022-08,"Trois-Rivières, Quebec",House only,"Index, 201612=100",112.6
500,2022-09,"Trois-Rivières, Quebec",House only,"Index, 201612=100",112.6
