,REF_DATE,GEO,New housing price indexes,UOM,HPI_vancouver_bc
0,1981-01,"Vancouver, British Columbia",House only,"Index, 201612=100",96.1
1,1981-02,"Vancouver, British Columbia",House only,"Index, 201612=100",97.5
2,1981-03,"Vancouver, British Columbia",House only,"Index, 201612=100",97.5
3,1981-04,"Vancouver, British Columbia",House only,"Index, 201612=100",97.7
4,1981-05,"Vancouver, British Columbia",House only,"Index, 201612=100",97.7
5,1981-06,"Vancouver, British Columbia",House only,"Index, 201612=100",98.2
6,1981-07,"Vancouver, British Columbia",House only,"Index, 201612=100",97.7
7,1981-08,"Vancouver, British Columbia",House only,"Index, 201612=100",89.8
8,1981-09,"Vancouver, British Columbia",House only,"Index, 201612=100",89.3
9,1981-10,"Vancouver, British Columbia",House only,"Index, 201612=100",85.2
10,1981-11,"Vancouver, British Columbia",House only,"Index, 201612=100",81.1
11,1981-12,"Vancouver, British Columbia",House only,"Index, 201612=100",80.2
12,1982-01,"Vancouver, British Columbia",House only,"Index, 201612=100",79.6
13,1982-02,"Vancouver, British Columbia",House only,"Index, 201612=100",78.0
14,1982-03,"Vancouver, British Columbia",House only,"Index, 201612=100",73.2
15,1982-04,"Vancouver, British Columbia",House only,"Index, 201612=100",72.6
16,1982-05,"Vancouver, British Columbia",House only,"Index, 201612=100",70.7
17,1982-06,"Vancouver, British Columbia",House only,"Index, 201612=100",70.1
18,1982-07,"Vancouver, British Columbia",House only,"Index, 201612=100",70.9
19,1982-08,"Vancouver, British Columbia",House only,"Index, 201612=100",71.9
20,1982-09,"Vancouver, British Columbia",House only,"Index, 201612=100",73.1
21,1982-10,"Vancouver, British Columbia",House only,"Index, 201612=100",73.5
22,1982-11,"Vancouver, British Columbia",House only,"Index, 201612=100",74.1
23,1982-12,"Vancouver, British Columbia",House only,"Index, 201612=100",73.6
24,1983-01,"Vancouver, British Columbia",House only,"Index, 201612=100",74.4
25,1983-02,"Vancouver, British Columbia",House only,"Index, 201612=100",75.8
26,1983-03,"Vancouver, British Columbia",House only,"Index, 201612=100",75.5
27,1983-04,"Vancouver, British Columbia",House only,"Index, 201612=100",75.8
28,1983-05,"Vancouver, British Columbia",House only,"Index, 201612=100",75.8
29,1983-06,"Vancouver, British Columbia",House only,"Index, 201612=100",75.8
30,1983-07,"Vancouver, British Columbia",House only,"Index, 201612=100",76.1
31,1983-08,"Vancouver, British Columbia",House only,"Index, 201612=100",76.0
32,1983-09,"Vancouver, British Columbia",House only,"Index, 201612=100",76.0
33,1983-10,"Vancouver, British Columbia",House only,"Index, 201612=100",76.1
34,1983-11,"Vancouver, British Columbia",House only,"Index, 201612=100",76.1
35,1983-12,"Vancouver, British Columbia",House only,"Index, 201612=100",76.1
36,1984-01,"Vancouver, British Columbia",House only,"Index, 201612=100",76.2
37,1984-02,"Vancouver, British Columbia",House only,"Index, 201612=100",76.4
38,1984-03,"Vancouver, British Columbia",House only,"Index, 201612=100",76.8
39,1984-04,"Vancouver, British Columbia",House only,"Index, 201612=100",76.9
40,1984-05,"Vancouver, British Columbia",House only,"Index, 201612=100",76.9
41,1984-06,"Vancouver, British Columbia",House only,"Index, 201612=100",76.9
42,1984-07,"Vancouver, British Columbia",House only,"Index, 201612=100",76.9
43,1984-08,"Vancouver, British Columbia",House only,"Index, 201612=100",76.5
44,1984-09,"Vancouver, British Columbia",House only,"Index, 201612=100",76.0
45,1984-10,"Vancouver, British Columbia",House only,"Index, 201612=100",75.7
46,1984-11,"Vancouver, British Columbia",House only,"Index, 201612=100",75.1
47,1984-12,"Vancouver, British Columbia",House only,"Index, 201612=100",75.1
48,1985-01,"Vancouver, British Columbia",House only,"Index, 201612=100",75.1
49,1985-02,"Vancouver, British Columbia",House only,"Index, 201612=100",75.1
50,1985-03,"Vancouver, British Columbia",House only,"Index, 201612=100",74.2
51,1985-04,"Vancouver, British Columbia",House only,"Index, 201612=100",74.1
52,1985-05,"Vancouver, British Columbia",House only,"Index, 201612=100",72.0
53,1985-06,"Vancouver, British Columbia",House only,"Index, 201612=100",72.0
54,1985-07,"Vancouver, British Columbia",House only,"Index, 201612=100",73.4
55,1985-08,"Vancouver, British Columbia",House only,"Index, 201612=100",73.2
56,1985-09,"Vancouver, British Columbia",House only,"Index, 201612=100",73.1
57,1985-10,"Vancouver, British Columbia",House only,"Index, 201612=100",73.1
58,1985-11,"Vancouver, British Columbia",House only,"Index, 201612=100",73.6
59,1985-12,"Vancouver, British Columbia",House only,"Index, 201612=100",73.6
60,1986-01,"Vancouver, British Columbia",House only,"Index, 201612=100",73.3
61,1986-02,"Vancouver, British Columbia",House only,"Index, 201612=100",73.5
62,1986-03,"Vancouver, British Columbia",House only,"Index, 201612=100",73.5
63,1986-04,"Vancouver, British Columbia",House only,"Index, 201612=100",74.2
64,1986-05,"Vancouver, British Columbia",House only,"Index, 201612=100",74.4
65,1986-06,"Vancouver, British Columbia",House only,"Index, 201612=100",74.2
66,1986-07,"Vancouver, British Columbia",House only,"Index, 201612=100",74.2
67,1986-08,"Vancouver, British Columbia",House only,"Index, 201612=100",73.9
68,1986-09,"Vancouver, British Columbia",House only,"Index, 201612=100",74.8
69,1986-10,"Vancouver, British Columbia",House only,"Index, 201612=100",74.9
70,1986-11,"Vancouver, British Columbia",House only,"Index, 201612=100",75.0
71,1986-12,"Vancouver, British Columbia",House only,"Index, 201612=100",75.2
72,1987-01,"Vancouver, British Columbia",House only,"Index, 201612=100",75.2
73,1987-02,"Vancouver, British Columbia",House only,"Index, 201612=100",76.9
74,1987-03,"Vancouver, British Columbia",House only,"Index, 201612=100",77.8
75,1987-04,"Vancouver, British Columbia",House only,"Index, 201612=100",78.1
76,1987-05,"Vancouver, British Columbia",House only,"Index, 201612=100",78.1
77,1987-06,"Vancouver, British Columbia",House only,"Index, 201612=100",78.1
78,1987-07,"Vancouver, British Columbia",House only,"Index, 201612=100",78.1
79,1987-08,"Vancouver, British Columbia",House only,"Index, 201612=100",78.7
80,1987-09,"Vancouver, British Columbia",House only,"Index, 201612=100",79.8
81,1987-10,"Vancouver, British Columbia",House only,"Index, 201612=100",79.8
82,1987-11,"Vancouver, British Columbia",House only,"Index, 201612=100",79.8
83,1987-12,"Vancouver, British Columbia",House only,"Index, 201612=100",79.8
84,1988-01,"Vancouver, British Columbia",House only,"Index, 201612=100",79.9
85,1988-02,"Vancouver, British Columbia",House only,"Index, 201612=100",81.3
86,1988-03,"Vancouver, British Columbia",House only,"Index, 201612=100",81.3
87,1988-04,"Vancouver, British Columbia",House only,"Index, 201612=100",82.1
88,1988-05,"Vancouver, British Columbia",House only,"Index, 201612=100",81.8
89,1988-06,"Vancouver, British Columbia",House only,"Index, 201612=100",83.0
90,1988-07,"Vancouver, British Columbia",House only,"Index, 201612=100",83.2
91,1988-08,"Vancouver, British Columbia",House only,"Index, 201612=100",83.2
92,1988-09,"Vancouver, British Columbia",House only,"Index, 201612=100",83.2
93,1988-10,"Vancouver, British Columbia",House only,"Index, 201612=100",83.3
94,1988-11,"Vancouver, British Columbia",House only,"Index, 201612=100",84.1
95,1988-12,"Vancouver, British Columbia",House only,"Index, 201612=100",84.1
96,1989-01,"Vancouver, British Columbia",House only,"Index, 201612=100",86.0
97,1989-02,"Vancouver, British Columbia",House only,"Index, 201612=100",90.2
98,1989-03,"Vancouver, British Columbia",House only,"Index, 201612=100",90.9
99,1989-04,"Vancouver, British Columbia",House only,"Index, 201612=100",93.1
100,1989-05,"Vancouver, British Columbia",House only,"Index, 201612=100",92.8
101,1989-06,"Vancouver, British Columbia",House only,"Index, 201612=100",93.6
102,1989-07,"Vancouver, British Columbia",House only,"Index, 201612=100",94.9
103,1989-08,"Vancouver, British Columbia",House only,"Index, 201612=100",92.2
104,1989-09,"Vancouver, British Columbia",House only,"Index, 201612=100",93.7
105,1989-10,"Vancouver, British Columbia",House only,"Index, 201612=100",93.8
106,1989-11,"Vancouver, British Columbia",House only,"Index, 201612=100",95.1
107,1989-12,"Vancouver, British Columbia",House only,"Index, 201612=100",97.5
108,1990-01,"Vancouver, British Columbia",House only,"Index, 201612=100",101.0
109,1990-02,"Vancouver, British Columbia",House only,"Index, 201612=100",101.3
110,1990-03,"Vancouver, British Columbia",House only,"Index, 201612=100",100.1
111,1990-04,"Vancouver, British Columbia",House only,"Index, 201612=100",99.6
112,1990-05,"Vancouver, British Columbia",House only,"Index, 201612=100",98.6
113,1990-06,"Vancouver, British Columbia",House only,"Index, 201612=100",96.7
114,1990-07,"Vancouver, British Columbia",House only,"Index, 201612=100",96.9
115,1990-08,"Vancouver, British Columbia",House only,"Index, 201612=100",95.0
116,1990-09,"Vancouver, British Columbia",House only,"Index, 201612=100",93.3
117,1990-10,"Vancouver, British Columbia",House only,"Index, 201612=100",91.7
118,1990-11,"Vancouver, British Columbia",House only,"Index, 201612=100",90.6
119,1990-12,"Vancouver, British Columbia",House only,"Index, 201612=100",90.0
120,1991-01,"Vancouver, British Columbia",House only,"Index, 201612=100",89.6
121,1991-02,"Vancouver, British Columbia",House only,"Index, 201612=100",87.4
122,1991-03,"Vancouver, British Columbia",House only,"Index, 201612=100",88.6
123,1991-04,"Vancouver, British Columbia",House only,"Index, 201612=100",87.8
124,1991-05,"Vancouver, British Columbia",House only,"Index, 201612=100",87.8
125,1991-06,"Vancouver, British Columbia",House only,"Index, 201612=100",88.4
126,1991-07,"Vancouver, British Columbia",House only,"Index, 201612=100",89.2
127,1991-08,"Vancouver, British Columbia",House only,"Index, 201612=100",89.2
128,1991-09,"Vancouver, British Columbia",House only,"Index, 201612=100",89.4
129,1991-10,"Vancouver, British Columbia",House only,"Index, 201612=100",90.2
130,1991-11,"Vancouver, British Columbia",House only,"Index, 201612=100",90.6
131,1991-12,"Vancouver, British Columbia",House only,"Index, 201612=100",90.7
132,1992-01,"Vancouver, British Columbia",House only,"Index, 201612=100",91.0
133,1992-02,"Vancouver, British Columbia",House only,"Index, 201612=100",93.0
134,1992-03,"Vancouver, British Columbia",House only,"Index, 201612=100",92.8
135,1992-04,"Vancouver, British Columbia",House only,"Index, 201612=100",93.4
136,1992-05,"Vancouver, British Columbia",House only,"Index, 201612=100",93.9
137,1992-06,"Vancouver, British Columbia",House only,"Index, 201612=100",94.5
138,1992-07,"Vancouver, British Columbia",House only,"Index, 201612=100",94.6
139,1992-08,"Vancouver, British Columbia",House only,"Index, 201612=100",95.3
140,1992-09,"Vancouver, British Columbia",House only,"Index, 201612=100",95.7
141,1992-10,"Vancouver, British Columbia",House only,"Index, 201612=100",95.9
142,1992-11,"Vancouver, British Columbia",House only,"Index, 201612=100",96.2
143,1992-12,"Vancouver, British Columbia",House only,"Index, 201612=100",95.3
144,1993-01,"Vancouver, British Columbia",House only,"Index, 201612=100",95.0
145,1993-02,"Vancouver, British Columbia",House only,"Index, 201612=100",97.0
146,1993-03,"Vancouver, British Columbia",House only,"Index, 201612=100",96.7
147,1993-04,"Vancouver, British Columbia",House only,"Index, 201612=100",99.7
148,1993-05,"Vancouver, British Columbia",House only,"Index, 201612=100",97.3
149,1993-06,"Vancouver, British Columbia",House only,"Index, 201612=100",97.7
150,1993-07,"Vancouver, British Columbia",House only,"Index, 201612=100",99.7
151,1993-08,"Vancouver, British Columbia",House only,"Index, 201612=100",99.9
152,1993-09,"Vancouver, British Columbia",House only,"Index, 201612=100",99.6
153,1993-10,"Vancouver, British Columbia",House only,"Index, 201612=100",100.2
154,1993-11,"Vancouver, British Columbia",House only,"Index, 201612=100",100.0
155,1993-12,"Vancouver, British Columbia",House only,"Index, 201612=100",98.9
156,1994-01,"Vancouver, British Columbia",House only,"Index, 201612=100",98.7
157,1994-02,"Vancouver, British Columbia",House only,"Index, 201612=100",99.0
158,1994-03,"Vancouver, British Columbia",House only,"Index, 201612=100",98.0
159,1994-04,"Vancouver, British Columbia",House only,"Index, 201612=100",98.2
160,1994-05,"Vancouver, British Columbia",House only,"Index, 201612=100",97.8
161,1994-06,"Vancouver, British Columbia",House only,"Index, 201612=100",97.8
162,1994-07,"Vancouver, British Columbia",House only,"Index, 201612=100",96.6
163,1994-08,"Vancouver, British Columbia",House only,"Index, 201612=100",96.5
164,1994-09,"Vancouver, British Columbia",House only,"Index, 201612=100",96.1
165,1994-10,"Vancouver, British Columbia",House only,"Index, 201612=100",95.3
166,1994-11,"Vancouver, British Columbia",House only,"Index, 201612=100",94.8
167,1994-12,"Vancouver, British Columbia",House only,"Index, 201612=100",94.4
168,1995-01,"Vancouver, British Columbia",House only,"Index, 201612=100",93.9
169,1995-02,"Vancouver, British Columbia",House only,"Index, 201612=100",93.0
170,1995-03,"Vancouver, British Columbia",House only,"Index, 201612=100",91.7
171,1995-04,"Vancouver, British Columbia",House only,"Index, 201612=100",91.2
172,1995-05,"Vancouver, British Columbia",House only,"Index, 201612=100",91.4
173,1995-06,"Vancouver, British Columbia",House only,"Index, 201612=100",90.8
174,1995-07,"Vancouver, British Columbia",House only,"Index, 201612=100",90.1
175,1995-08,"Vancouver, British Columbia",House only,"Index, 201612=100",89.9
176,1995-09,"Vancouver, British Columbia",House only,"Index, 201612=100",89.3
177,1995-10,"Vancouver, British Columbia",House only,"Index, 201612=100",87.6
178,1995-11,"Vancouver, British Columbia",House only,"Index, 201612=100",87.0
179,1995-12,"Vancouver, British Columbia",House only,"Index, 201612=100",86.7
180,1996-01,"Vancouver, British Columbia",House only,"Index, 201612=100",86.3
181,1996-02,"Vancouver, British Columbia",House only,"Index, 201612=100",85.7
182,1996-03,"Vancouver, British Columbia",House only,"Index, 201612=100",84.6
183,1996-04,"Vancouver, British Columbia",House only,"Index, 201612=100",82.9
184,1996-05,"Vancouver, British Columbia",House only,"Index, 201612=100",82.6
185,1996-06,"Vancouver, British Columbia",House only,"Index, 201612=100",82.2
186,1996-07,"Vancouver, British Columbia",House only,"Index, 201612=100",82.1
187,1996-08,"Vancouver, British Columbia",House only,"Index, 201612=100",81.8
188,1996-09,"Vancouver, British Columbia",House only,"Index, 201612=100",81.8
189,1996-10,"Vancouver, British Columbia",House only,"Index, 201612=100",80.8
190,1996-11,"Vancouver, British Columbia",House only,"Index, 201612=100",81.0
191,1996-12,"Vancouver, British Columbia",House only,"Index, 201612=100",80.2
192,1997-01,"Vancouver, British Columbia",House only,"Index, 201612=100",80.1
193,1997-02,"Vancouver, British Columbia",House only,"Index, 201612=100",80.2
194,1997-03,"Vancouver, British Columbia",House only,"Index, 201612=100",80.1
195,1997-04,"Vancouver, British Columbia",House only,"Index, 201612=100",80.2
196,1997-05,"Vancouver, British Columbia",House only,"Index, 201612=100",80.1
197,1997-06,"Vancouver, British Columbia",House only,"Index, 201612=100",79.4
198,1997-07,"Vancouver, British Columbia",House only,"Index, 201612=100",78.6
199,1997-08,"Vancouver, British Columbia",House only,"Index, 201612=100",78.1
200,1997-09,"Vancouver, British Columbia",House only,"Index, 201612=100",77.8
201,1997-10,"Vancouver, British Columbia",House only,"Index, 201612=100",76.4
202,1997-11,"Vancouver, British Columbia",House only,"Index, 201612=100",76.0
203,1997-12,"Vancouver, British Columbia",House only,"Index, 201612=100",76.2
204,1998-01,"Vancouver, British Columbia",House only,"Index, 201612=100",75.2
205,1998-02,"Vancouver, British Columbia",House only,"Index, 201612=100",74.9
206,1998-03,"Vancouver, British Columbia",House only,"Index, 201612=100",74.5
207,1998-04,"Vancouver, British Columbia",House only,"Index, 201612=100",73.3
208,1998-05,"Vancouver, British Columbia",House only,"Index, 201612=100",73.5
209,1998-06,"Vancouver, British Columbia",House only,"Index, 201612=100",73.2
210,1998-07,"Vancouver, British Columbia",House only,"Index, 201612=100",73.1
211,1998-08,"Vancouver, British Columbia",House only,"Index, 201612=100",72.6
212,1998-09,"Vancouver, British Columbia",House only,"Index, 201612=100",71.8
213,1998-10,"Vancouver, British Columbia",House only,"Index, 201612=100",71.5
214,1998-11,"Vancouver, British Columbia",House only,"Index, 201612=100",71.2
215,1998-12,"Vancouver, British Columbia",House only,"Index, 201612=100",71.0
216,1999-01,"Vancouver, British Columbia",House only,"Index, 201612=100",70.0
217,1999-02,"Vancouver, British Columbia",House only,"Index, 201612=100",69.7
218,1999-03,"Vancouver, British Columbia",House only,"Index, 201612=100",69.7
219,1999-04,"Vancouver, British Columbia",House only,"Index, 201612=100",69.7
220,1999-05,"Vancouver, British Columbia",House only,"Index, 201612=100",69.6
221,1999-06,"Vancouver, British Columbia",House only,"Index, 201612=100",69.4
222,1999-07,"Vancouver, British Columbia",House only,"Index, 201612=100",69.5
223,1999-08,"Vancouver, British Columbia",House only,"Index, 201612=100",69.3
224,1999-09,"Vancouver, British Columbia",House only,"Index, 201612=100",69.0
225,1999-10,"Vancouver, British Columbia",House only,"Index, 201612=100",68.8
226,1999-11,"Vancouver, British Columbia",House only,"Index, 201612=100",68.8
227,1999-12,"Vancouver, British Columbia",House only,"Index, 201612=100",69.1
228,2000-01,"Vancouver, British Columbia",House only,"Index, 201612=100",69.0
229,2000-02,"Vancouver, British Columbia",House only,"Index, 201612=100",69.2
230,2000-03,"Vancouver, British Columbia",House only,"Index, 201612=100",68.6
231,2000-04,"Vancouver, British Columbia",House only,"Index, 201612=100",68.7
232,2000-05,"Vancouver, British Columbia",House only,"Index, 201612=100",68.6
233,2000-06,"Vancouver, British Columbia",House only,"Index, 201612=100",68.6
234,2000-07,"Vancouver, British Columbia",House only,"Index, 201612=100",68.4
235,2000-08,"Vancouver, British Columbia",House only,"Index, 201612=100",68.5
236,2000-09,"Vancouver, British Columbia",House only,"Index, 201612=100",68.5
237,2000-10,"Vancouver, British Columbia",House only,"Index, 201612=100",68.5
238,2000-11,"Vancouver, British Columbia",House only,"Index, 201612=100",68.5
239,2000-12,"Vancouver, British Columbia",House only,"Index, 201612=100",68.1
240,2001-01,"Vancouver, British Columbia",House only,"Index, 201612=100",68.1
241,2001-02,"Vancouver, British Columbia",House only,"Index, 201612=100",68.3
242,2001-03,"Vancouver, British Columbia",House only,"Index, 201612=100",68.5
243,2001-04,"Vancouver, British Columbia",House only,"Index, 201612=100",68.6
244,2001-05,"Vancouver, British Columbia",House only,"Index, 201612=100",68.7
245,2001-06,"Vancouver, British Columbia",House only,"Index, 201612=100",68.8
246,2001-07,"Vancouver, British Columbia",House only,"Index, 201612=100",69.4
247,2001-08,"Vancouver, British Columbia",House only,"Index, 201612=100",69.6
248,2001-09,"Vancouver, British Columbia",House only,"Index, 201612=100",70.0
249,2001-10,"Vancouver, British Columbia",House only,"Index, 201612=100",70.3
250,2001-11,"Vancouver, British Columbia",House only,"Index, 201612=100",70.6
251,2001-12,"Vancouver, British Columbia",House only,"Index, 201612=100",70.6
252,2002-01,"Vancouver, British Columbia",House only,"Index, 201612=100",70.8
253,2002-02,"Vancouver, British Columbia",House only,"Index, 201612=100",71.0
254,2002-03,"Vancouver, British Columbia",House only,"Index, 201612=100",71.4
255,2002-04,"Vancouver, British Columbia",House only,"Index, 201612=100",71.7
256,2002-05,"Vancouver, British Columbia",House only,"Index, 201612=100",71.9
257,2002-06,"Vancouver, British Columbia",House only,"Index, 201612=100",71.9
258,2002-07,"Vancouver, British Columbia",House only,"Index, 201612=100",71.9
259,2002-08,"Vancouver, British Columbia",House only,"Index, 201612=100",71.9
260,2002-09,"Vancouver, British Columbia",House only,"Index, 201612=100",72.0
261,2002-10,"Vancouver, British Columbia",House only,"Index, 201612=100",72.6
262,2002-11,"Vancouver, British Columbia",House only,"Index, 201612=100",72.8
263,2002-12,"Vancouver, British Columbia",House only,"Index, 201612=100",72.8
264,2003-01,"Vancouver, British Columbia",House only,"Index, 201612=100",73.2
265,2003-02,"Vancouver, British Columbia",House only,"Index, 201612=100",74.2
266,2003-03,"Vancouver, British Columbia",House only,"Index, 201612=100",74.5
267,2003-04,"Vancouver, British Columbia",House only,"Index, 201612=100",74.8
268,2003-05,"Vancouver, British Columbia",House only,"Index, 201612=100",75.4
269,2003-06,"Vancouver, British Columbia",House only,"Index, 201612=100",75.4
270,2003-07,"Vancouver, British Columbia",House only,"Index, 201612=100",75.5
271,2003-08,"Vancouver, British Columbia",House only,"Index, 201612=100",75.4
272,2003-09,"Vancouver, British Columbia",House only,"Index, 201612=100",75.5
273,2003-10,"Vancouver, British Columbia",House only,"Index, 201612=100",76.0
274,2003-11,"Vancouver, British Columbia",House only,"Index, 201612=100",76.5
275,2003-12,"Vancouver, British Columbia",House only,"Index, 201612=100",76.6
276,2004-01,"Vancouver, British Columbia",House only,"Index, 201612=100",77.9
277,2004-02,"Vancouver, British Columbia",House only,"Index, 201612=100",78.1
278,2004-03,"Vancouver, British Columbia",House only,"Index, 201612=100",78.7
279,2004-04,"Vancouver, British Columbia",House only,"Index, 201612=100",79.2
280,2004-05,"Vancouver, British Columbia",House only,"Index, 201612=100",79.9
281,2004-06,"Vancouver, British Columbia",House only,"Index, 201612=100",80.1
282,2004-07,"Vancouver, British Columbia",House only,"Index, 201612=100",80.2
283,2004-08,"Vancouver, British Columbia",House only,"Index, 201612=100",80.8
284,2004-09,"Vancouver, British Columbia",House only,"Index, 201612=100",81.0
285,2004-10,"Vancouver, British Columbia",House only,"Index, 201612=100",81.1
286,2004-11,"Vancouver, British Columbia",House only,"Index, 201612=100",81.7
287,2004-12,"Vancouver, British Columbia",House only,"Index, 201612=100",81.8
288,2005-01,"Vancouver, British Columbia",House only,"Index, 201612=100",81.7
289,2005-02,"Vancouver, British Columbia",House only,"Index, 201612=100",81.8
290,2005-03,"Vancouver, British Columbia",House only,"Index, 201612=100",81.8
291,2005-04,"Vancouver, British Columbia",House only,"Index, 201612=100",82.2
292,2005-05,"Vancouver, British Columbia",House only,"Index, 201612=100",82.9
293,2005-06,"Vancouver, British Columbia",House only,"Index, 201612=100",82.9
294,2005-07,"Vancouver, British Columbia",House only,"Index, 201612=100",83.2
295,2005-08,"Vancouver, British Columbia",House only,"Index, 201612=100",83.1
296,2005-09,"Vancouver, British Columbia",House only,"Index, 201612=100",83.5
297,2005-10,"Vancouver, British Columbia",House only,"Index, 201612=100",83.5
298,2005-11,"Vancouver, British Columbia",House only,"Index, 201612=100",83.6
299,2005-12,"Vancouver, British Columbia",House only,"Index, 201612=100",84.0
300,2006-01,"Vancouver, British Columbia",House only,"Index, 201612=100",85.6
301,2006-02,"Vancouver, British Columbia",House only,"Index, 201612=100",86.9
302,2006-03,"Vancouver, British Columbia",House only,"Index, 201612=100",87.3
303,2006-04,"Vancouver, British Columbia",House only,"Index, 201612=100",88.4
304,2006-05,"Vancouver, British Columbia",House only,"Index, 201612=100",88.8
305,2006-06,"Vancouver, British Columbia",House only,"Index, 201612=100",89.0
306,2006-07,"Vancouver, British Columbia",House only,"Index, 201612=100",89.8
307,2006-08,"Vancouver, British Columbia",House only,"Index, 201612=100",92.9
308,2006-09,"Vancouver, British Columbia",House only,"Index, 201612=100",93.8
309,2006-10,"Vancouver, British Columbia",House only,"Index, 201612=100",94.4
310,2006-11,"Vancouver, British Columbia",House only,"Index, 201612=100",94.5
311,2006-12,"Vancouver, British Columbia",House only,"Index, 201612=100",94.5
312,2007-01,"Vancouver, British Columbia",House only,"Index, 201612=100",94.5
313,2007-02,"Vancouver, British Columbia",House only,"Index, 201612=100",94.5
314,2007-03,"Vancouver, British Columbia",House only,"Index, 201612=100",95.8
315,2007-04,"Vancouver, British Columbia",House only,"Index, 201612=100",97.2
316,2007-05,"Vancouver, British Columbia",House only,"Index, 201612=100",99.1
317,2007-06,"Vancouver, British Columbia",House only,"Index, 201612=100",100.2
318,2007-07,"Vancouver, British Columbia",House only,"Index, 201612=100",100.4
319,2007-08,"Vancouver, British Columbia",House only,"Index, 201612=100",100.4
320,2007-09,"Vancouver, British Columbia",House only,"Index, 201612=100",100.4
321,2007-10,"Vancouver, British Columbia",House only,"Index, 201612=100",100.7
322,2007-11,"Vancouver, British Columbia",House only,"Index, 201612=100",101.0
323,2007-12,"Vancouver, British Columbia",House only,"Index, 201612=100",100.9
324,2008-01,"Vancouver, British Columbia",House only,"Index, 201612=100",101.1
325,2008-02,"Vancouver, British Columbia",House only,"Index, 201612=100",101.0
326,2008-03,"Vancouver, British Columbia",House only,"Index, 201612=100",101.9
327,2008-04,"Vancouver, British Columbia",House only,"Index, 201612=100",101.9
328,2008-05,"Vancouver, British Columbia",House only,"Index, 201612=100",101.5
329,2008-06,"Vancouver, British Columbia",House only,"Index, 201612=100",101.4
330,2008-07,"Vancouver, British Columbia",House only,"Index, 201612=100",101.4
331,2008-08,"Vancouver, British Columbia",House only,"Index, 201612=100",101.3
332,2008-09,"Vancouver, British Columbia",House only,"Index, 201612=100",101.1
333,2008-10,"Vancouver, British Columbia",House only,"Index, 201612=100",99.1
334,2008-11,"Vancouver, British Columbia",House only,"Index, 201612=100",96.5
335,2008-12,"Vancouver, British Columbia",House only,"Index, 201612=100",96.5
336,2009-01,"Vancouver, British Columbia",House only,"Index, 201612=100",95.0
337,2009-02,"Vancouver, British Columbia",House only,"Index, 201612=100",90.4
338,2009-03,"Vancouver, British Columbia",House only,"Index, 201612=100",88.3
339,2009-04,"Vancouver, British Columbia",House only,"Index, 201612=100",86.2
340,2009-05,"Vancouver, British Columbia",House only,"Index, 201612=100",86.8
341,2009-06,"Vancouver, British Columbia",House only,"Index, 201612=100",85.7
342,2009-07,"Vancouver, British Columbia",House only,"Index, 201612=100",87.7
343,2009-08,"Vancouver, British Columbia",House only,"Index, 201612=100",87.9
344,2009-09,"Vancouver, British Columbia",House only,"Index, 201612=100",90.1
345,2009-10,"Vancouver, British Columbia",House only,"Index, 201612=100",91.2
346,2009-11,"Vancouver, British Columbia",House only,"Index, 201612=100",91.7
347,2009-12,"Vancouver, British Columbia",House only,"Index, 201612=100",92.8
348,2010-01,"Vancouver, British Columbia",House only,"Index, 201612=100",93.5
349,2010-02,"Vancouver, British Columbia",House only,"Index, 201612=100",94.4
350,2010-03,"Vancouver, British Columbia",House only,"Index, 201612=100",95.3
351,2010-04,"Vancouver, British Columbia",House only,"Index, 201612=100",95.9
352,2010-05,"Vancouver, British Columbia",House only,"Index, 201612=100",96.2
353,2010-06,"Vancouver, British Columbia",House only,"Index, 201612=100",96.0
354,2010-07,"Vancouver, British Columbia",House only,"Index, 201612=100",95.7
355,2010-08,"Vancouver, British Columbia",House only,"Index, 201612=100",95.7
356,2010-09,"Vancouver, British Columbia",House only,"Index, 201612=100",95.0
357,2010-10,"Vancouver, British Columbia",House only,"Index, 201612=100",95.1
358,2010-11,"Vancouver, British Columbia",House only,"Index, 201612=100",94.8
359,2010-12,"Vancouver, British Columbia",House only,"Index, 201612=100",94.7
360,2011-01,"Vancouver, British Columbia",House only,"Index, 201612=100",94.7
361,2011-02,"Vancouver, British Columbia",House only,"Index, 201612=100",94.9
362,2011-03,"Vancouver, British Columbia",House only,"Index, 201612=100",95.2
363,2011-04,"Vancouver, British Columbia",House only,"Index, 201612=100",95.3
364,2011-05,"Vancouver, British Columbia",House only,"Index, 201612=100",95.6
365,2011-06,"Vancouver, British Columbia",House only,"Index, 201612=100",95.7
366,2011-07,"Vancouver, British Columbia",House only,"Index, 201612=100",95.7
367,2011-08,"Vancouver, British Columbia",House only,"Index, 201612=100",95.1
368,2011-09,"Vancouver, British Columbia",House only,"Index, 201612=100",95.2
369,2011-10,"Vancouver, British Columbia",House only,"Index, 201612=100",95.0
370,2011-11,"Vancouver, British Columbia",House only,"Index, 201612=100",94.6
371,2011-12,"Vancouver, British Columbia",House only,"Index, 201612=100",94.4
372,2012-01,"Vancouver, British Columbia",House only,"Index, 201612=100",94.5
373,2012-02,"Vancouver, British Columbia",House only,"Index, 201612=100",94.2
374,2012-03,"Vancouver, British Columbia",House only,"Index, 201612=100",94.0
375,2012-04,"Vancouver, British Columbia",House only,"Index, 201612=100",93.9
376,2012-05,"Vancouver, British Columbia",House only,"Index, 201612=100",94.0
377,2012-06,"Vancouver, British Columbia",House only,"Index, 201612=100",94.1
378,2012-07,"Vancouver, British Columbia",House only,"Index, 201612=100",94.1
379,2012-08,"Vancouver, British Columbia",House only,"Index, 201612=100",94.0
380,2012-09,"Vancouver, British Columbia",House only,"Index, 201612=100",93.9
381,2012-10,"Vancouver, British Columbia",House only,"Index, 201612=100",94.1
382,2012-11,"Vancouver, British Columbia",House only,"Index, 201612=100",93.6
383,2012-12,"Vancouver, British Columbia",House only,"Index, 201612=100",93.1
384,2013-01,"Vancouver, British Columbia",House only,"Index, 201612=100",93.1
385,2013-02,"Vancouver, British Columbia",House only,"Index, 201612=100",93.1
386,2013-03,"Vancouver, British Columbia",House only,"Index, 201612=100",92.9
387,2013-04,"Vancouver, British Columbia",House only,"Index, 201612=100",93.0
388,2013-05,"Vancouver, British Columbia",House only,"Index, 201612=100",92.7
389,2013-06,"Vancouver, British Columbia",House only,"Index, 201612=100",92.3
390,2013-07,"Vancouver, British Columbia",House only,"Index, 201612=100",92.6
391,2013-08,"Vancouver, British Columbia",House only,"Index, 201612=100",92.2
392,2013-09,"Vancouver, British Columbia",House only,"Index, 201612=100",92.2
393,2013-10,"Vancouver, British Columbia",House only,"Index, 201612=100",91.9
394,2013-11,"Vancouver, British Columbia",House only,"Index, 201612=100",91.7
395,2013-12,"Vancouver, British Columbia",House only,"Index, 201612=100",91.5
396,2014-01,"Vancouver, British Columbia",House only,"Index, 201612=100",91.4
397,2014-02,"Vancouver, British Columbia",House only,"Index, 201612=100",91.4
398,2014-03,"Vancouver, British Columbia",House only,"Index, 201612=100",91.3
399,2014-04,"Vancouver, British Columbia",House only,"Index, 201612=100",90.8
400,2014-05,"Vancouver, British Columbia",House only,"Index, 201612=100",90.5
401,2014-06,"Vancouver, British Columbia",House only,"Index, 201612=100",90.3
402,2014-07,"Vancouver, British Columbia",House only,"Index, 201612=100",90.2
403,2014-08,"Vancouver, British Columbia",House only,"Index, 201612=100",90.5
404,2014-09,"Vancouver, British Columbia",House only,"Index, 201612=100",90.5
405,2014-10,"Vancouver, British Columbia",House only,"Index, 201612=100",91.0
406,2014-11,"Vancouver, British Columbia",House only,"Index, 201612=100",90.8
407,2014-12,"Vancouver, British Columbia",House only,"Index, 201612=100",90.7
408,2015-01,"Vancouver, British Columbia",House only,"Index, 201612=100",90.6
409,2015-02,"Vancouver, British Columbia",House only,"Index, 201612=100",90.7
410,2015-03,"Vancouver, British Columbia",House only,"Index, 201612=100",90.6
411,2015-04,"Vancouver, British Columbia",House only,"Index, 201612=100",91.5
412,2015-05,"Vancouver, British Columbia",House only,"Index, 201612=100",91.7
413,2015-06,"Vancouver, British Columbia",House only,"Index, 201612=100",92.1
414,2015-07,"Vancouver, British Columbia",House only,"Index, 201612=100",92.7
415,2015-08,"Vancouver, British Columbia",House only,"Index, 201612=100",92.8
416,2015-09,"Vancouver, British Columbia",House only,"Index, 201612=100",93.3
417,2015-10,"Vancouver, British Columbia",House only,"Index, 201612=100",93.7
418,2015-11,"Vancouver, British Columbia",House only,"Index, 201612=100",94.4
419,2015-12,"Vancouver, British Columbia",House only,"Index, 201612=100",94.6
420,2016-01,"Vancouver, British Columbia",House only,"Index, 201612=100",95.1
421,2016-02,"Vancouver, British Columbia",House only,"Index, 201612=100",96.4
422,2016-03,"Vancouver, British Columbia",House only,"Index, 201612=100",97.0
423,2016-04,"Vancouver, British Columbia",House only,"Index, 201612=100",97.3
424,2016-05,"Vancouver, British Columbia",House only,"Index, 201612=100",99.0
425,2016-06,"Vancouver, British Columbia",House only,"Index, 201612=100",99.3
426,2016-07,"Vancouver, British Columbia",House only,"Index, 201612=100",100.1
427,2016-08,"Vancouver, British Columbia",House only,"Index, 201612=100",100.1
428,2016-09,"Vancouver, British Columbia",House only,"Index, 201612=100",100.4
429,2016-10,"Vancouver, British Columbia",House only,"Index, 201612=100",100.4
430,2016-11,"Vancouver, British Columbia",House only,"Index, 201612=100",100.0
431,2016-12,"Vancouver, British Columbia",House only,"Index, 201612=100",100.0
432,2017-01,"Vancouver, British Columbia",House only,"Index, 201612=100",99.6
433,2017-02,"Vancouver, British Columbia",House only,"Index, 201612=100",99.4
434,2017-03,"Vancouver, British Columbia",House only,"Index, 201612=100",100.1
435,2017-04,"Vancouver, British Columbia",House only,"Index, 201612=100",100.9
436,2017-05,"Vancouver, British Columbia",House only,"Index, 201612=100",103.2
437,2017-06,"Vancouver, British Columbia",House only,"Index, 201612=100",105.7
438,2017-07,"Vancouver, British Columbia",House only,"Index, 201612=100",108.9
439,2017-08,"Vancouver, British Columbia",House only,"Index, 201612=100",108.9
440,2017-09,"Vancouver, British Columbia",House only,"Index, 201612=100",109.3
441,2017-10,"Vancouver, British Columbia",House only,"Index, 201612=100",109.8
442,2017-11,"Vancouver, British Columbia",House only,"Index, 201612=100",109.8
443,2017-12,"Vancouver, British Columbia",House only,"Index, 201612=100",109.9
444,2018-01,"Vancouver, British Columbia",House only,"Index, 201612=100",109.9
445,2018-02,"Vancouver, British Columbia",House only,"Index, 201612=100",109.9
446,2018-03,"Vancouver, British Columbia",House only,"Index, 201612=100",109.9
447,2018-04,"Vancouver, British Columbia",House only,"Index, 201612=100",109.9
448,2018-05,"Vancouver, British Columbia",House only,"Index, 201612=100",109.9
449,2018-06,"Vancouver, British Columbia",House only,"Index, 201612=100",110.2
450,2018-07,"Vancouver, British Columbia",House only,"Index, 201612=100",110.0
451,2018-08,"Vancouver, British Columbia",House only,"Index, 201612=100",109.4
452,2018-09,"Vancouver, British Columbia",House only,"Index, 201612=100",110.1
453,2018-10,"Vancouver, British Columbia",House only,"Index, 201612=100",110.1
454,2018-11,"Vancouver, British Columbia",House only,"Index, 201612=100",109.7
455,2018-12,"Vancouver, British Columbia",House only,"Index, 201612=100",109.4
456,2019-01,"Vancouver, British Columbia",House only,"Index, 201612=100",109.4
457,2019-02,"Vancouver, British Columbia",House only,"Index, 201612=100",108.8
458,2019-03,"Vancouver, British Columbia",House only,"Index, 201612=100",109.0
459,2019-04,"Vancouver, British Columbia",House only,"Index, 201612=100",108.5
460,2019-05,"Vancouver, British Columbia",House only,"Index, 201612=100",107.9
461,2019-06,"Vancouver, British Columbia",House only,"Index, 201612=100",107.7
462,2019-07,"Vancouver, British Columbia",House only,"Index, 201612=100",107.0
463,2019-08,"Vancouver, British Columbia",House only,"Index, 201612=100",107.0
464,2019-09,"Vancouver, British Columbia",House only,"Index, 201612=100",106.8
465,2019-10,"Vancouver, British Columbia",House only,"Index, 201612=100",106.2
466,2019-11,"Vancouver, British Columbia",House only,"Index, 201612=100",104.8
467,2019-12,"Vancouver, British Columbia",House only,"Index, 201612=100",105.1
468,2020-01,"Vancouver, British Columbia",House only,"Index, 201612=100",104.3
469,2020-02,"Vancouver, British Columbia",House only,"Index, 201612=100",104.6
470,2020-03,"Vancouver, British Columbia",House only,"Index, 201612=100",105.2
471,2020-04,"Vancouver, British Columbia",House only,"Index, 201612=100",105.2
472,2020-05,"Vancouver, British Columbia",House only,"Index, 201612=100",105.2
473,2020-06,"Vancouver, British Columbia",House only,"Index, 201612=100",105.2
474,2020-07,"Vancouver, British Columbia",House only,"Index, 201612=100",105.8
475,2020-08,"Vancouver, British Columbia",House only,"Index, 201612=100",107.3
476,2020-09,"Vancouver, British Columbia",House only,"Index, 201612=100",110.1
477,2020-10,"Vancouver, British Columbia",House only,"Index, 201612=100",112.3
478,2020-11,"Vancouver, British Columbia",House only,"Index, 201612=100",112.6
479,2020-12,"Vancouver, British Columbia",House only,"Index, 201612=100",112.4
480,2021-01,"Vancouver, British Columbia",House only,"Index, 201612=100",112.5
481,2021-02,"Vancouver, British Columbia",House only,"Index, 201612=100",116.0
482,2021-03,"Vancouver, British Columbia",House only,"Index, 201612=100",116.3
483,2021-04,"Vancouver, British Columbia",House only,"Index, 201612=100",114.8
484,2021-05,"Vancouver, British Columbia",House only,"Index, 201612=100",117.1
485,2021-06,"Vancouver, British Columbia",House only,"Index, 201612=100",118.0
486,2021-07,"Vancouver, British Columbia",House only,"Index, 201612=100",118.3
487,2021-08,"Vancouver, British Columbia",House only,"Index, 201612=100",119.3
488,2021-09,"Vancouver, British Columbia",House only,"Index, 201612=100",120.7
489,2021-10,"Vancouver, British Columbia",House only,"Index, 201612=100",122.0
490,2021-11,"Vancouver, British Columbia",House only,"Index, 201612=100",123.3
491,2021-12,"Vancouver, British Columbia",House only,"Index, 201612=100",123.6
492,2022-01,"Vancouver, British Columbia",House only,"Index, 201612=100",126.3
493,2022-02,"Vancouver, British Columbia",House only,"Index, 201612=100",126.7
494,2022-03,"Vancouver, British Columbia",House only,"Index, 201612=100",127.0
495,2022-04,"Vancouver, British Columbia",House only,"Index, 201612=100",127.2
496,2022-05,"Vancouver, British Columbia",House only,"Index, 201612=100",127.2
497,2022-06,"Vancouver, British Columbia",House only,"Index, 201612=100",127.2
498,2022-07,"Vancouver, British Columbia",House only,"Index, 201612=100",127.6
499,2022-08,"Vancouver, British Columbia",House only,"Index, 201612=100",127.6
500,2022-09,"Vancouver, British Columbia",House only,"Index, 201612=100",127.6
