,REF_DATE,GEO,New housing price indexes,UOM,HPI_victoria_bc
0,1981-01,"Victoria, British Columbia",House only,"Index, 201612=100",206.8
1,1981-02,"Victoria, British Columbia",House only,"Index, 201612=100",209.1
2,1981-03,"Victoria, British Columbia",House only,"Index, 201612=100",210.6
3,1981-04,"Victoria, British Columbia",House only,"Index, 201612=100",210.6
4,1981-05,"Victoria, British Columbia",House only,"Index, 201612=100",212.4
5,1981-06,"Victoria, British Columbia",House only,"Index, 201612=100",210.6
6,1981-07,"Victoria, British Columbia",House only,"Index, 201612=100",206.2
7,1981-08,"Victoria, British Columbia",House only,"Index, 201612=100",206.2
8,1981-09,"Victoria, British Columbia",House only,"Index, 201612=100",200.8
9,1981-10,"Victoria, British Columbia",House only,"Index, 201612=100",200.6
10,1981-11,"Victoria, British Columbia",House only,"Index, 201612=100",198.5
11,1981-12,"Victoria, British Columbia",House only,"Index, 201612=100",204.2
12,1982-01,"Victoria, British Columbia",House only,"Index, 201612=100",204.2
13,1982-02,"Victoria, British Columbia",House only,"Index, 201612=100",193.1
14,1982-03,"Victoria, British Columbia",House only,"Index, 201612=100",184.9
15,1982-04,"Victoria, British Columbia",House only,"Index, 201612=100",180.1
16,1982-05,"Victoria, British Columbia",House only,"Index, 201612=100",181.6
17,1982-06,"Victoria, British Columbia",House only,"Index, 201612=100",179.9
18,1982-07,"Victoria, British Columbia",House only,"Index, 201612=100",181.1
19,1982-08,"Victoria, British Columbia",House only,"Index, 201612=100",182.7
20,1982-09,"Victoria, British Columbia",House only,"Index, 201612=100",186.7
21,1982-10,"Victoria, British Columbia",House only,"Index, 201612=100",186.7
22,1982-11,"Victoria, British Columbia",House only,"Index, 201612=100",185.3
23,1982-12,"Victoria, British Columbia",House only,"Index, 201612=100",184.5
24,1983-01,"Victoria, British Columbia",House only,"Index, 201612=100",185.5
25,1983-02,"Victoria, British Columbia",House only,"Index, 201612=100",185.5
26,1983-03,"Victoria, British Columbia",House only,"Index, 201612=100",183.2
27,1983-04,"Victoria, British Columbia",House only,"Index, 201612=100",183.2
28,1983-05,"Victoria, British Columbia",House only,"Index, 201612=100",183.2
29,1983-06,"Victoria, British Columbia",House only,"Index, 201612=100",186.5
30,1983-07,"Victoria, British Columbia",House only,"Index, 201612=100",187.3
31,1983-08,"Victoria, British Columbia",House only,"Index, 201612=100",187.3
32,1983-09,"Victoria, British Columbia",House only,"Index, 201612=100",189.1
33,1983-10,"Victoria, British Columbia",House only,"Index, 201612=100",187.8
34,1983-11,"Victoria, British Columbia",House only,"Index, 201612=100",187.8
35,1983-12,"Victoria, British Columbia",House only,"Index, 201612=100",185.8
36,1984-01,"Victoria, British Columbia",House only,"Index, 201612=100",185.2
37,1984-02,"Victoria, British Columbia",House only,"Index, 201612=100",185.3
38,1984-03,"Victoria, British Columbia",House only,"Index, 201612=100",187.6
39,1984-04,"Victoria, British Columbia",House only,"Index, 201612=100",187.6
40,1984-05,"Victoria, British Columbia",House only,"Index, 201612=100",186.5
41,1984-06,"Victoria, British Columbia",House only,"Index, 201612=100",185.2
42,1984-07,"Victoria, British Columbia",House only,"Index, 201612=100",182.1
43,1984-08,"Victoria, British Columbia",House only,"Index, 201612=100",177.2
44,1984-09,"Victoria, British Columbia",House only,"Index, 201612=100",175.8
45,1984-10,"Victoria, British Columbia",House only,"Index, 201612=100",172.6
46,1984-11,"Victoria, British Columbia",House only,"Index, 201612=100",175.0
47,1984-12,"Victoria, British Columbia",House only,"Index, 201612=100",175.0
48,1985-01,"Victoria, British Columbia",House only,"Index, 201612=100",175.2
49,1985-02,"Victoria, British Columbia",House only,"Index, 201612=100",175.2
50,1985-03,"Victoria, British Columbia",House only,"Index, 201612=100",174.7
51,1985-04,"Victoria, British Columbia",House only,"Index, 201612=100",174.0
52,1985-05,"Victoria, British Columbia",House only,"Index, 201612=100",169.9
53,1985-06,"Victoria, British Columbia",House only,"Index, 201612=100",167.7
54,1985-07,"Victoria, British Columbia",House only,"Index, 201612=100",165.5
55,1985-08,"Victoria, British Columbia",House only,"Index, 201612=100",164.5
56,1985-09,"Victoria, British Columbia",House only,"Index, 201612=100",165.2
57,1985-10,"Victoria, British Columbia",House only,"Index, 201612=100",166.2
58,1985-11,"Victoria, British Columbia",House only,"Index, 201612=100",165.8
59,1985-12,"Victoria, British Columbia",House only,"Index, 201612=100",163.7
60,1986-01,"Victoria, British Columbia",House only,"Index, 201612=100",160.3
61,1986-02,"Victoria, British Columbia",House only,"Index, 201612=100",161.3
62,1986-03,"Victoria, British Columbia",House only,"Index, 201612=100",161.9
63,1986-04,"Victoria, British Columbia",House only,"Index, 201612=100",160.4
64,1986-05,"Victoria, British Columbia",House only,"Index, 201612=100",160.4
65,1986-06,"Victoria, British Columbia",House only,"Index, 201612=100",158.5
66,1986-07,"Victoria, British Columbia",House only,"Index, 201612=100",157.0
67,1986-08,"Victoria, British Columbia",House only,"Index, 201612=100",154.0
68,1986-09,"Victoria, British Columbia",House only,"Index, 201612=100",152.6
69,1986-10,"Victoria, British Columbia",House only,"Index, 201612=100",150.3
70,1986-11,"Victoria, British Columbia",House only,"Index, 201612=100",146.8
71,1986-12,"Victoria, British Columbia",House only,"Index, 201612=100",143.7
72,1987-01,"Victoria, British Columbia",House only,"Index, 201612=100",143.7
73,1987-02,"Victoria, British Columbia",House only,"Index, 201612=100",145.2
74,1987-03,"Victoria, British Columbia",House only,"Index, 201612=100",146.5
75,1987-04,"Victoria, British Columbia",House only,"Index, 201612=100",146.5
76,1987-05,"Victoria, British Columbia",House only,"Index, 201612=100",146.5
77,1987-06,"Victoria, British Columbia",House only,"Index, 201612=100",146.5
78,1987-07,"Victoria, British Columbia",House only,"Index, 201612=100",147.5
79,1987-08,"Victoria, British Columbia",House only,"Index, 201612=100",149.6
80,1987-09,"Victoria, British Columbia",House only,"Index, 201612=100",149.3
81,1987-10,"Victoria, British Columbia",House only,"Index, 201612=100",150.3
82,1987-11,"Victoria, British Columbia",House only,"Index, 201612=100",150.8
83,1987-12,"Victoria, British Columbia",House only,"Index, 201612=100",150.8
84,1988-01,"Victoria, British Columbia",House only,"Index, 201612=100",155.5
85,1988-02,"Victoria, British Columbia",House only,"Index, 201612=100",154.5
86,1988-03,"Victoria, British Columbia",House only,"Index, 201612=100",154.7
87,1988-04,"Victoria, British Columbia",House only,"Index, 201612=100",155.2
88,1988-05,"Victoria, British Columbia",House only,"Index, 201612=100",155.5
89,1988-06,"Victoria, British Columbia",House only,"Index, 201612=100",155.5
90,1988-07,"Victoria, British Columbia",House only,"Index, 201612=100",156.3
91,1988-08,"Victoria, British Columbia",House only,"Index, 201612=100",156.3
92,1988-09,"Victoria, British Columbia",House only,"Index, 201612=100",158.5
93,1988-10,"Victoria, British Columbia",House only,"Index, 201612=100",157.7
94,1988-11,"Victoria, British Columbia",House only,"Index, 201612=100",157.7
95,1988-12,"Victoria, British Columbia",House only,"Index, 201612=100",159.5
96,1989-01,"Victoria, British Columbia",House only,"Index, 201612=100",164.2
97,1989-02,"Victoria, British Columbia",House only,"Index, 201612=100",165.5
98,1989-03,"Victoria, British Columbia",House only,"Index, 201612=100",167.5
99,1989-04,"Victoria, British Columbia",House only,"Index, 201612=100",168.3
100,1989-05,"Victoria, British Columbia",House only,"Index, 201612=100",167.7
101,1989-06,"Victoria, British Columbia",House only,"Index, 201612=100",167.0
102,1989-07,"Victoria, British Columbia",House only,"Index, 201612=100",167.5
103,1989-08,"Victoria, British Columbia",House only,"Index, 201612=100",167.8
104,1989-09,"Victoria, British Columbia",House only,"Index, 201612=100",167.5
105,1989-10,"Victoria, British Columbia",House only,"Index, 201612=100",170.9
106,1989-11,"Victoria, British Columbia",House only,"Index, 201612=100",171.6
107,1989-12,"Victoria, British Columbia",House only,"Index, 201612=100",172.2
108,1990-01,"Victoria, British Columbia",House only,"Index, 201612=100",182.1
109,1990-02,"Victoria, British Columbia",House only,"Index, 201612=100",184.4
110,1990-03,"Victoria, British Columbia",House only,"Index, 201612=100",184.4
111,1990-04,"Victoria, British Columbia",House only,"Index, 201612=100",182.6
112,1990-05,"Victoria, British Columbia",House only,"Index, 201612=100",176.7
113,1990-06,"Victoria, British Columbia",House only,"Index, 201612=100",176.3
114,1990-07,"Victoria, British Columbia",House only,"Index, 201612=100",173.9
115,1990-08,"Victoria, British Columbia",House only,"Index, 201612=100",169.3
116,1990-09,"Victoria, British Columbia",House only,"Index, 201612=100",167.2
117,1990-10,"Victoria, British Columbia",House only,"Index, 201612=100",166.5
118,1990-11,"Victoria, British Columbia",House only,"Index, 201612=100",165.4
119,1990-12,"Victoria, British Columbia",House only,"Index, 201612=100",166.0
120,1991-01,"Victoria, British Columbia",House only,"Index, 201612=100",165.7
121,1991-02,"Victoria, British Columbia",House only,"Index, 201612=100",166.3
122,1991-03,"Victoria, British Columbia",House only,"Index, 201612=100",168.0
123,1991-04,"Victoria, British Columbia",House only,"Index, 201612=100",167.8
124,1991-05,"Victoria, British Columbia",House only,"Index, 201612=100",167.8
125,1991-06,"Victoria, British Columbia",House only,"Index, 201612=100",166.3
126,1991-07,"Victoria, British Columbia",House only,"Index, 201612=100",165.7
127,1991-08,"Victoria, British Columbia",House only,"Index, 201612=100",165.0
128,1991-09,"Victoria, British Columbia",House only,"Index, 201612=100",165.7
129,1991-10,"Victoria, British Columbia",House only,"Index, 201612=100",162.9
130,1991-11,"Victoria, British Columbia",House only,"Index, 201612=100",162.4
131,1991-12,"Victoria, British Columbia",House only,"Index, 201612=100",160.3
132,1992-01,"Victoria, British Columbia",House only,"Index, 201612=100",161.8
133,1992-02,"Victoria, British Columbia",House only,"Index, 201612=100",161.6
134,1992-03,"Victoria, British Columbia",House only,"Index, 201612=100",162.6
135,1992-04,"Victoria, British Columbia",House only,"Index, 201612=100",164.4
136,1992-05,"Victoria, British Columbia",House only,"Index, 201612=100",166.0
137,1992-06,"Victoria, British Columbia",House only,"Index, 201612=100",165.8
138,1992-07,"Victoria, British Columbia",House only,"Index, 201612=100",165.5
139,1992-08,"Victoria, British Columbia",House only,"Index, 201612=100",165.5
140,1992-09,"Victoria, British Columbia",House only,"Index, 201612=100",164.7
141,1992-10,"Victoria, British Columbia",House only,"Index, 201612=100",163.7
142,1992-11,"Victoria, British Columbia",House only,"Index, 201612=100",162.7
143,1992-12,"Victoria, British Columbia",House only,"Index, 201612=100",161.9
144,1993-01,"Victoria, British Columbia",House only,"Index, 201612=100",162.2
145,1993-02,"Victoria, British Columbia",House only,"Index, 201612=100",162.4
146,1993-03,"Victoria, British Columbia",House only,"Index, 201612=100",162.7
147,1993-04,"Victoria, British Columbia",House only,"Index, 201612=100",161.8
148,1993-05,"Victoria, British Columbia",House only,"Index, 201612=100",162.4
149,1993-06,"Victoria, British Columbia",House only,"Index, 201612=100",161.3
150,1993-07,"Victoria, British Columbia",House only,"Index, 201612=100",160.9
151,1993-08,"Victoria, British Columbia",House only,"Index, 201612=100",161.4
152,1993-09,"Victoria, British Columbia",House only,"Index, 201612=100",159.9
153,1993-10,"Victoria, British Columbia",House only,"Index, 201612=100",156.5
154,1993-11,"Victoria, British Columbia",House only,"Index, 201612=100",156.2
155,1993-12,"Victoria, British Columbia",House only,"Index, 201612=100",155.2
156,1994-01,"Victoria, British Columbia",House only,"Index, 201612=100",155.5
157,1994-02,"Victoria, British Columbia",House only,"Index, 201612=100",156.7
158,1994-03,"Victoria, British Columbia",House only,"Index, 201612=100",156.7
159,1994-04,"Victoria, British Columbia",House only,"Index, 201612=100",154.7
160,1994-05,"Victoria, British Columbia",House only,"Index, 201612=100",153.4
161,1994-06,"Victoria, British Columbia",House only,"Index, 201612=100",152.1
162,1994-07,"Victoria, British Columbia",House only,"Index, 201612=100",152.6
163,1994-08,"Victoria, British Columbia",House only,"Index, 201612=100",152.6
164,1994-09,"Victoria, British Columbia",House only,"Index, 201612=100",150.6
165,1994-10,"Victoria, British Columbia",House only,"Index, 201612=100",149.1
166,1994-11,"Victoria, British Columbia",House only,"Index, 201612=100",150.1
167,1994-12,"Victoria, British Columbia",House only,"Index, 201612=100",146.2
168,1995-01,"Victoria, British Columbia",House only,"Index, 201612=100",146.8
169,1995-02,"Victoria, British Columbia",House only,"Index, 201612=100",146.0
170,1995-03,"Victoria, British Columbia",House only,"Index, 201612=100",145.5
171,1995-04,"Victoria, British Columbia",House only,"Index, 201612=100",145.2
172,1995-05,"Victoria, British Columbia",House only,"Index, 201612=100",142.7
173,1995-06,"Victoria, British Columbia",House only,"Index, 201612=100",140.9
174,1995-07,"Victoria, British Columbia",House only,"Index, 201612=100",141.1
175,1995-08,"Victoria, British Columbia",House only,"Index, 201612=100",139.6
176,1995-09,"Victoria, British Columbia",House only,"Index, 201612=100",138.8
177,1995-10,"Victoria, British Columbia",House only,"Index, 201612=100",136.7
178,1995-11,"Victoria, British Columbia",House only,"Index, 201612=100",134.5
179,1995-12,"Victoria, British Columbia",House only,"Index, 201612=100",132.4
180,1996-01,"Victoria, British Columbia",House only,"Index, 201612=100",132.6
181,1996-02,"Victoria, British Columbia",House only,"Index, 201612=100",131.8
182,1996-03,"Victoria, British Columbia",House only,"Index, 201612=100",131.4
183,1996-04,"Victoria, British Columbia",House only,"Index, 201612=100",130.8
184,1996-05,"Victoria, British Columbia",House only,"Index, 201612=100",129.6
185,1996-06,"Victoria, British Columbia",House only,"Index, 201612=100",127.8
186,1996-07,"Victoria, British Columbia",House only,"Index, 201612=100",127.7
187,1996-08,"Victoria, British Columbia",House only,"Index, 201612=100",130.4
188,1996-09,"Victoria, British Columbia",House only,"Index, 201612=100",130.4
189,1996-10,"Victoria, British Columbia",House only,"Index, 201612=100",129.5
190,1996-11,"Victoria, British Columbia",House only,"Index, 201612=100",128.5
191,1996-12,"Victoria, British Columbia",House only,"Index, 201612=100",126.5
192,1997-01,"Victoria, British Columbia",House only,"Index, 201612=100",127.2
193,1997-02,"Victoria, British Columbia",House only,"Index, 201612=100",127.3
194,1997-03,"Victoria, British Columbia",House only,"Index, 201612=100",127.3
195,1997-04,"Victoria, British Columbia",House only,"Index, 201612=100",126.5
196,1997-05,"Victoria, British Columbia",House only,"Index, 201612=100",125.5
197,1997-06,"Victoria, British Columbia",House only,"Index, 201612=100",126.4
198,1997-07,"Victoria, British Columbia",House only,"Index, 201612=100",126.4
199,1997-08,"Victoria, British Columbia",House only,"Index, 201612=100",126.0
200,1997-09,"Victoria, British Columbia",House only,"Index, 201612=100",124.2
201,1997-10,"Victoria, British Columbia",House only,"Index, 201612=100",123.6
202,1997-11,"Victoria, British Columbia",House only,"Index, 201612=100",122.9
203,1997-12,"Victoria, British Columbia",House only,"Index, 201612=100",123.2
204,1998-01,"Victoria, British Columbia",House only,"Index, 201612=100",121.8
205,1998-02,"Victoria, British Columbia",House only,"Index, 201612=100",120.3
206,1998-03,"Victoria, British Columbia",House only,"Index, 201612=100",119.1
207,1998-04,"Victoria, British Columbia",House only,"Index, 201612=100",117.3
208,1998-05,"Victoria, British Columbia",House only,"Index, 201612=100",114.9
209,1998-06,"Victoria, British Columbia",House only,"Index, 201612=100",113.1
210,1998-07,"Victoria, British Columbia",House only,"Index, 201612=100",113.2
211,1998-08,"Victoria, British Columbia",House only,"Index, 201612=100",113.4
212,1998-09,"Victoria, British Columbia",House only,"Index, 201612=100",112.3
213,1998-10,"Victoria, British Columbia",House only,"Index, 201612=100",112.4
214,1998-11,"Victoria, British Columbia",House only,"Index, 201612=100",111.8
215,1998-12,"Victoria, British Columbia",House only,"Index, 201612=100",112.3
216,1999-01,"Victoria, British Columbia",House only,"Index, 201612=100",111.9
217,1999-02,"Victoria, British Columbia",House only,"Index, 201612=100",110.9
218,1999-03,"Victoria, British Columbia",House only,"Index, 201612=100",109.8
219,1999-04,"Victoria, British Columbia",House only,"Index, 201612=100",110.0
220,1999-05,"Victoria, British Columbia",House only,"Index, 201612=100",109.5
221,1999-06,"Victoria, British Columbia",House only,"Index, 201612=100",109.6
222,1999-07,"Victoria, British Columbia",House only,"Index, 201612=100",109.3
223,1999-08,"Victoria, British Columbia",House only,"Index, 201612=100",107.7
224,1999-09,"Victoria, British Columbia",House only,"Index, 201612=100",105.7
225,1999-10,"Victoria, British Columbia",House only,"Index, 201612=100",104.7
226,1999-11,"Victoria, British Columbia",House only,"Index, 201612=100",103.7
227,1999-12,"Victoria, British Columbia",House only,"Index, 201612=100",103.2
228,2000-01,"Victoria, British Columbia",House only,"Index, 201612=100",102.4
229,2000-02,"Victoria, British Columbia",House only,"Index, 201612=100",102.3
230,2000-03,"Victoria, British Columbia",House only,"Index, 201612=100",101.3
231,2000-04,"Victoria, British Columbia",House only,"Index, 201612=100",101.3
232,2000-05,"Victoria, British Columbia",House only,"Index, 201612=100",101.4
233,2000-06,"Victoria, British Columbia",House only,"Index, 201612=100",101.4
234,2000-07,"Victoria, British Columbia",House only,"Index, 201612=100",101.1
235,2000-08,"Victoria, British Columbia",House only,"Index, 201612=100",101.1
236,2000-09,"Victoria, British Columbia",House only,"Index, 201612=100",101.3
237,2000-10,"Victoria, British Columbia",House only,"Index, 201612=100",100.8
238,2000-11,"Victoria, British Columbia",House only,"Index, 201612=100",101.9
239,2000-12,"Victoria, British Columbia",House only,"Index, 201612=100",102.4
240,2001-01,"Victoria, British Columbia",House only,"Index, 201612=100",102.1
241,2001-02,"Victoria, British Columbia",House only,"Index, 201612=100",102.6
242,2001-03,"Victoria, British Columbia",House only,"Index, 201612=100",102.8
243,2001-04,"Victoria, British Columbia",House only,"Index, 201612=100",102.8
244,2001-05,"Victoria, British Columbia",House only,"Index, 201612=100",102.9
245,2001-06,"Victoria, British Columbia",House only,"Index, 201612=100",102.9
246,2001-07,"Victoria, British Columbia",House only,"Index, 201612=100",103.1
247,2001-08,"Victoria, British Columbia",House only,"Index, 201612=100",103.1
248,2001-09,"Victoria, British Columbia",House only,"Index, 201612=100",102.9
249,2001-10,"Victoria, British Columbia",House only,"Index, 201612=100",103.1
250,2001-11,"Victoria, British Columbia",House only,"Index, 201612=100",103.2
251,2001-12,"Victoria, British Columbia",House only,"Index, 201612=100",103.2
252,2002-01,"Victoria, British Columbia",House only,"Index, 201612=100",103.2
253,2002-02,"Victoria, British Columbia",House only,"Index, 201612=100",103.6
254,2002-03,"Victoria, British Columbia",House only,"Index, 201612=100",103.6
255,2002-04,"Victoria, British Columbia",House only,"Index, 201612=100",103.4
256,2002-05,"Victoria, British Columbia",House only,"Index, 201612=100",108.5
257,2002-06,"Victoria, British Columbia",House only,"Index, 201612=100",108.8
258,2002-07,"Victoria, British Columbia",House only,"Index, 201612=100",109.6
259,2002-08,"Victoria, British Columbia",House only,"Index, 201612=100",109.6
260,2002-09,"Victoria, British Columbia",House only,"Index, 201612=100",109.6
261,2002-10,"Victoria, British Columbia",House only,"Index, 201612=100",111.1
262,2002-11,"Victoria, British Columbia",House only,"Index, 201612=100",111.3
263,2002-12,"Victoria, British Columbia",House only,"Index, 201612=100",111.6
264,2003-01,"Victoria, British Columbia",House only,"Index, 201612=100",111.6
265,2003-02,"Victoria, British Columbia",House only,"Index, 201612=100",111.6
266,2003-03,"Victoria, British Columbia",House only,"Index, 201612=100",112.8
267,2003-04,"Victoria, British Columbia",House only,"Index, 201612=100",114.2
268,2003-05,"Victoria, British Columbia",House only,"Index, 201612=100",114.7
269,2003-06,"Victoria, British Columbia",House only,"Index, 201612=100",115.6
270,2003-07,"Victoria, British Columbia",House only,"Index, 201612=100",117.1
271,2003-08,"Victoria, British Columbia",House only,"Index, 201612=100",117.8
272,2003-09,"Victoria, British Columbia",House only,"Index, 201612=100",119.0
273,2003-10,"Victoria, British Columbia",House only,"Index, 201612=100",119.1
274,2003-11,"Victoria, British Columbia",House only,"Index, 201612=100",120.1
275,2003-12,"Victoria, British Columbia",House only,"Index, 201612=100",120.4
276,2004-01,"Victoria, British Columbia",House only,"Index, 201612=100",120.5
277,2004-02,"Victoria, British Columbia",House only,"Index, 201612=100",120.7
278,2004-03,"Victoria, British Columbia",House only,"Index, 201612=100",122.7
279,2004-04,"Victoria, British Columbia",House only,"Index, 201612=100",124.2
280,2004-05,"Victoria, British Columbia",House only,"Index, 201612=100",125.5
281,2004-06,"Victoria, British Columbia",House only,"Index, 201612=100",126.4
282,2004-07,"Victoria, British Columbia",House only,"Index, 201612=100",126.9
283,2004-08,"Victoria, British Columbia",House only,"Index, 201612=100",128.2
284,2004-09,"Victoria, British Columbia",House only,"Index, 201612=100",128.7
285,2004-10,"Victoria, British Columbia",House only,"Index, 201612=100",128.2
286,2004-11,"Victoria, British Columbia",House only,"Index, 201612=100",128.2
287,2004-12,"Victoria, British Columbia",House only,"Index, 201612=100",129.1
288,2005-01,"Victoria, British Columbia",House only,"Index, 201612=100",129.3
289,2005-02,"Victoria, British Columbia",House only,"Index, 201612=100",131.0
290,2005-03,"Victoria, British Columbia",House only,"Index, 201612=100",132.1
291,2005-04,"Victoria, British Columbia",House only,"Index, 201612=100",132.0
292,2005-05,"Victoria, British Columbia",House only,"Index, 201612=100",131.5
293,2005-06,"Victoria, British Columbia",House only,"Index, 201612=100",132.3
294,2005-07,"Victoria, British Columbia",House only,"Index, 201612=100",132.5
295,2005-08,"Victoria, British Columbia",House only,"Index, 201612=100",136.8
296,2005-09,"Victoria, British Columbia",House only,"Index, 201612=100",137.6
297,2005-10,"Victoria, British Columbia",House only,"Index, 201612=100",137.6
298,2005-11,"Victoria, British Columbia",House only,"Index, 201612=100",138.1
299,2005-12,"Victoria, British Columbia",House only,"Index, 201612=100",136.0
300,2006-01,"Victoria, British Columbia",House only,"Index, 201612=100",135.6
301,2006-02,"Victoria, British Columbia",House only,"Index, 201612=100",135.6
302,2006-03,"Victoria, British Columbia",House only,"Index, 201612=100",136.6
303,2006-04,"Victoria, British Columbia",House only,"Index, 201612=100",136.3
304,2006-05,"Victoria, British Columbia",House only,"Index, 201612=100",134.3
305,2006-06,"Victoria, British Columbia",House only,"Index, 201612=100",134.6
306,2006-07,"Victoria, British Columbia",House only,"Index, 201612=100",132.5
307,2006-08,"Victoria, British Columbia",House only,"Index, 201612=100",133.6
308,2006-09,"Victoria, British Columbia",House only,"Index, 201612=100",133.7
309,2006-10,"Victoria, British Columbia",House only,"Index, 201612=100",132.4
310,2006-11,"Victoria, British Columbia",House only,"Index, 201612=100",132.4
311,2006-12,"Victoria, British Columbia",House only,"Index, 201612=100",131.7
312,2007-01,"Victoria, British Columbia",House only,"Index, 201612=100",131.5
313,2007-02,"Victoria, British Columbia",House only,"Index, 201612=100",130.8
314,2007-03,"Victoria, British Columbia",House only,"Index, 201612=100",132.0
315,2007-04,"Victoria, British Columbia",House only,"Index, 201612=100",130.8
316,2007-05,"Victoria, British Columbia",House only,"Index, 201612=100",124.6
317,2007-06,"Victoria, British Columbia",House only,"Index, 201612=100",125.4
318,2007-07,"Victoria, British Columbia",House only,"Index, 201612=100",124.5
319,2007-08,"Victoria, British Columbia",House only,"Index, 201612=100",124.5
320,2007-09,"Victoria, British Columbia",House only,"Index, 201612=100",124.1
321,2007-10,"Victoria, British Columbia",House only,"Index, 201612=100",124.8
322,2007-11,"Victoria, British Columbia",House only,"Index, 201612=100",125.9
323,2007-12,"Victoria, British Columbia",House only,"Index, 201612=100",125.9
324,2008-01,"Victoria, British Columbia",House only,"Index, 201612=100",126.0
325,2008-02,"Victoria, British Columbia",House only,"Index, 201612=100",126.0
326,2008-03,"Victoria, British Columbia",House only,"Index, 201612=100",126.0
327,2008-04,"Victoria, British Columbia",House only,"Index, 201612=100",125.6
328,2008-05,"Victoria, British Columbia",House only,"Index, 201612=100",124.4
329,2008-06,"Victoria, British Columbia",House only,"Index, 201612=100",124.3
330,2008-07,"Victoria, British Columbia",House only,"Index, 201612=100",124.9
331,2008-08,"Victoria, British Columbia",House only,"Index, 201612=100",124.4
332,2008-09,"Victoria, British Columbia",House only,"Index, 201612=100",124.9
333,2008-10,"Victoria, British Columbia",House only,"Index, 201612=100",122.5
334,2008-11,"Victoria, British Columbia",House only,"Index, 201612=100",121.0
335,2008-12,"Victoria, British Columbia",House only,"Index, 201612=100",120.3
336,2009-01,"Victoria, British Columbia",House only,"Index, 201612=100",118.1
337,2009-02,"Victoria, British Columbia",House only,"Index, 201612=100",115.0
338,2009-03,"Victoria, British Columbia",House only,"Index, 201612=100",113.2
339,2009-04,"Victoria, British Columbia",House only,"Index, 201612=100",112.2
340,2009-05,"Victoria, British Columbia",House only,"Index, 201612=100",111.8
341,2009-06,"Victoria, British Columbia",House only,"Index, 201612=100",111.0
342,2009-07,"Victoria, British Columbia",House only,"Index, 201612=100",103.6
343,2009-08,"Victoria, British Columbia",House only,"Index, 201612=100",104.0
344,2009-09,"Victoria, British Columbia",House only,"Index, 201612=100",103.9
345,2009-10,"Victoria, British Columbia",House only,"Index, 201612=100",103.9
346,2009-11,"Victoria, British Columbia",House only,"Index, 201612=100",103.5
347,2009-12,"Victoria, British Columbia",House only,"Index, 201612=100",103.2
348,2010-01,"Victoria, British Columbia",House only,"Index, 201612=100",103.1
349,2010-02,"Victoria, British Columbia",House only,"Index, 201612=100",103.1
350,2010-03,"Victoria, British Columbia",House only,"Index, 201612=100",103.7
351,2010-04,"Victoria, British Columbia",House only,"Index, 201612=100",104.0
352,2010-05,"Victoria, British Columbia",House only,"Index, 201612=100",103.6
353,2010-06,"Victoria, British Columbia",House only,"Index, 201612=100",103.5
354,2010-07,"Victoria, British Columbia",House only,"Index, 201612=100",103.5
355,2010-08,"Victoria, British Columbia",House only,"Index, 201612=100",103.5
356,2010-09,"Victoria, British Columbia",House only,"Index, 201612=100",103.0
357,2010-10,"Victoria, British Columbia",House only,"Index, 201612=100",103.3
358,2010-11,"Victoria, British Columbia",House only,"Index, 201612=100",102.8
359,2010-12,"Victoria, British Columbia",House only,"Index, 201612=100",102.7
360,2011-01,"Victoria, British Columbia",House only,"Index, 201612=100",102.7
361,2011-02,"Victoria, British Columbia",House only,"Index, 201612=100",102.7
362,2011-03,"Victoria, British Columbia",House only,"Index, 201612=100",102.7
363,2011-04,"Victoria, British Columbia",House only,"Index, 201612=100",101.7
364,2011-05,"Victoria, British Columbia",House only,"Index, 201612=100",101.9
365,2011-06,"Victoria, British Columbia",House only,"Index, 201612=100",101.9
366,2011-07,"Victoria, British Columbia",House only,"Index, 201612=100",101.9
367,2011-08,"Victoria, British Columbia",House only,"Index, 201612=100",101.4
368,2011-09,"Victoria, British Columbia",House only,"Index, 201612=100",101.4
369,2011-10,"Victoria, British Columbia",House only,"Index, 201612=100",100.6
370,2011-11,"Victoria, British Columbia",House only,"Index, 201612=100",100.4
371,2011-12,"Victoria, British Columbia",House only,"Index, 201612=100",100.4
372,2012-01,"Victoria, British Columbia",House only,"Index, 201612=100",99.3
373,2012-02,"Victoria, British Columbia",House only,"Index, 201612=100",99.3
374,2012-03,"Victoria, British Columbia",House only,"Index, 201612=100",98.6
375,2012-04,"Victoria, British Columbia",House only,"Index, 201612=100",98.6
376,2012-05,"Victoria, British Columbia",House only,"Index, 201612=100",97.5
377,2012-06,"Victoria, British Columbia",House only,"Index, 201612=100",98.3
378,2012-07,"Victoria, British Columbia",House only,"Index, 201612=100",98.1
379,2012-08,"Victoria, British Columbia",House only,"Index, 201612=100",97.9
380,2012-09,"Victoria, British Columbia",House only,"Index, 201612=100",97.3
381,2012-10,"Victoria, British Columbia",House only,"Index, 201612=100",97.7
382,2012-11,"Victoria, British Columbia",House only,"Index, 201612=100",97.0
383,2012-12,"Victoria, British Columbia",House only,"Index, 201612=100",96.9
384,2013-01,"Victoria, British Columbia",House only,"Index, 201612=100",96.7
385,2013-02,"Victoria, British Columbia",House only,"Index, 201612=100",96.7
386,2013-03,"Victoria, British Columbia",House only,"Index, 201612=100",96.6
387,2013-04,"Victoria, British Columbia",House only,"Index, 201612=100",96.7
388,2013-05,"Victoria, British Columbia",House only,"Index, 201612=100",96.7
389,2013-06,"Victoria, British Columbia",House only,"Index, 201612=100",96.6
390,2013-07,"Victoria, British Columbia",House only,"Index, 201612=100",96.6
391,2013-08,"Victoria, British Columbia",House only,"Index, 201612=100",96.5
392,2013-09,"Victoria, British Columbia",House only,"Index, 201612=100",96.4
393,2013-10,"Victoria, British Columbia",House only,"Index, 201612=100",96.3
394,2013-11,"Victoria, British Columbia",House only,"Index, 201612=100",95.7
395,2013-12,"Victoria, British Columbia",House only,"Index, 201612=100",95.7
396,2014-01,"Victoria, British Columbia",House only,"Index, 201612=100",95.7
397,2014-02,"Victoria, British Columbia",House only,"Index, 201612=100",95.7
398,2014-03,"Victoria, British Columbia",House only,"Index, 201612=100",95.4
399,2014-04,"Victoria, British Columbia",House only,"Index, 201612=100",95.4
400,2014-05,"Victoria, British Columbia",House only,"Index, 201612=100",95.4
401,2014-06,"Victoria, British Columbia",House only,"Index, 201612=100",95.4
402,2014-07,"Victoria, British Columbia",House only,"Index, 201612=100",95.4
403,2014-08,"Victoria, British Columbia",House only,"Index, 201612=100",95.2
404,2014-09,"Victoria, British Columbia",House only,"Index, 201612=100",94.3
405,2014-10,"Victoria, British Columbia",House only,"Index, 201612=100",94.2
406,2014-11,"Victoria, British Columbia",House only,"Index, 201612=100",94.2
407,2014-12,"Victoria, British Columbia",House only,"Index, 201612=100",94.2
408,2015-01,"Victoria, British Columbia",House only,"Index, 201612=100",93.6
409,2015-02,"Victoria, British Columbia",House only,"Index, 201612=100",93.6
410,2015-03,"Victoria, British Columbia",House only,"Index, 201612=100",93.6
411,2015-04,"Victoria, British Columbia",House only,"Index, 201612=100",93.3
412,2015-05,"Victoria, British Columbia",House only,"Index, 201612=100",93.3
413,2015-06,"Victoria, British Columbia",House only,"Index, 201612=100",93.3
414,2015-07,"Victoria, British Columbia",House only,"Index, 201612=100",93.3
415,2015-08,"Victoria, British Columbia",House only,"Index, 201612=100",93.0
416,2015-09,"Victoria, British Columbia",House only,"Index, 201612=100",93.0
417,2015-10,"Victoria, British Columbia",House only,"Index, 201612=100",93.5
418,2015-11,"Victoria, British Columbia",House only,"Index, 201612=100",93.5
419,2015-12,"Victoria, British Columbia",House only,"Index, 201612=100",93.5
420,2016-01,"Victoria, British Columbia",House only,"Index, 201612=100",93.5
421,2016-02,"Victoria, British Columbia",House only,"Index, 201612=100",93.8
422,2016-03,"Victoria, British Columbia",House only,"Index, 201612=100",93.8
423,2016-04,"Victoria, British Columbia",House only,"Index, 201612=100",95.0
424,2016-05,"Victoria, British Columbia",House only,"Index, 201612=100",96.4
425,2016-06,"Victoria, British Columbia",House only,"Index, 201612=100",96.9
426,2016-07,"Victoria, British Columbia",House only,"Index, 201612=100",97.9
427,2016-08,"Victoria, British Columbia",House only,"Index, 201612=100",97.9
428,2016-09,"Victoria, British Columbia",House only,"Index, 201612=100",98.6
429,2016-10,"Victoria, British Columbia",House only,"Index, 201612=100",99.5
430,2016-11,"Victoria, British Columbia",House only,"Index, 201612=100",100.0
431,2016-12,"Victoria, British Columbia",House only,"Index, 201612=100",100.0
432,2017-01,"Victoria, British Columbia",House only,"Index, 201612=100",100.3
433,2017-02,"Victoria, British Columbia",House only,"Index, 201612=100",101.7
434,2017-03,"Victoria, British Columbia",House only,"Index, 201612=100",101.7
435,2017-04,"Victoria, British Columbia",House only,"Index, 201612=100",101.7
436,2017-05,"Victoria, British Columbia",House only,"Index, 201612=100",101.7
437,2017-06,"Victoria, British Columbia",House only,"Index, 201612=100",101.7
438,2017-07,"Victoria, British Columbia",House only,"Index, 201612=100",101.7
439,2017-08,"Victoria, British Columbia",House only,"Index, 201612=100",101.7
440,2017-09,"Victoria, British Columbia",House only,"Index, 201612=100",101.7
441,2017-10,"Victoria, British Columbia",House only,"Index, 201612=100",102.0
442,2017-11,"Victoria, British Columbia",House only,"Index, 201612=100",102.0
443,2017-12,"Victoria, British Columbia",House only,"Index, 201612=100",102.0
444,2018-01,"Victoria, British Columbia",House only,"Index, 201612=100",102.0
445,2018-02,"Victoria, British Columbia",House only,"Index, 201612=100",102.0
446,2018-03,"Victoria, British Columbia",House only,"Index, 201612=100",103.5
447,2018-04,"Victoria, British Columbia",House only,"Index, 201612=100",103.5
448,2018-05,"Victoria, British Columbia",House only,"Index, 201612=100",103.5
449,2018-06,"Victoria, British Columbia",House only,"Index, 201612=100",103.5
450,2018-07,"Victoria, British Columbia",House only,"Index, 201612=100",103.5
451,2018-08,"Victoria, British Columbia",House only,"Index, 201612=100",103.5
452,2018-09,"Victoria, British Columbia",House only,"Index, 201612=100",103.3
453,2018-10,"Victoria, British Columbia",House only,"Index, 201612=100",103.3
454,2018-11,"Victoria, British Columbia",House only,"Index, 201612=100",103.2
455,2018-12,"Victoria, British Columbia",House only,"Index, 201612=100",103.2
456,2019-01,"Victoria, British Columbia",House only,"Index, 201612=100",103.1
457,2019-02,"Victoria, British Columbia",House only,"Index, 201612=100",103.5
458,2019-03,"Victoria, British Columbia",House only,"Index, 201612=100",102.7
459,2019-04,"Victoria, British Columbia",House only,"Index, 201612=100",101.9
460,2019-05,"Victoria, British Columbia",House only,"Index, 201612=100",101.1
461,2019-06,"Victoria, British Columbia",House only,"Index, 201612=100",100.4
462,2019-07,"Victoria, British Columbia",House only,"Index, 201612=100",100.4
463,2019-08,"Victoria, British Columbia",House only,"Index, 201612=100",100.5
464,2019-09,"Victoria, British Columbia",House only,"Index, 201612=100",100.8
465,2019-10,"Victoria, British Columbia",House only,"Index, 201612=100",100.8
466,2019-11,"Victoria, British Columbia",House only,"Index, 201612=100",100.7
467,2019-12,"Victoria, British Columbia",House only,"Index, 201612=100",101.0
468,2020-01,"Victoria, British Columbia",House only,"Index, 201612=100",101.0
469,2020-02,"Victoria, British Columbia",House only,"Index, 201612=100",102.2
470,2020-03,"Victoria, British Columbia",House only,"Index, 201612=100",102.1
471,2020-04,"Victoria, British Columbia",House only,"Index, 201612=100",102.1
472,2020-05,"Victoria, British Columbia",House only,"Index, 201612=100",102.1
473,2020-06,"Victoria, British Columbia",House only,"Index, 201612=100",102.1
474,2020-07,"Victoria, British Columbia",House only,"Index, 201612=100",102.1
475,2020-08,"Victoria, British Columbia",House only,"Index, 201612=100",102.5
476,2020-09,"Victoria, British Columbia",House only,"Index, 201612=100",106.0
477,2020-10,"Victoria, British Columbia",House only,"Index, 201612=100",106.3
478,2020-11,"Victoria, British Columbia",House only,"Index, 201612=100",107.0
479,2020-12,"Victoria, British Columbia",House only,"Index, 201612=100",109.0
480,2021-01,"Victoria, British Columbia",House only,"Index, 201612=100",109.1
481,2021-02,"Victoria, British Columbia",House only,"Index, 201612=100",110.2
482,2021-03,"Victoria, British Columbia",House only,"Index, 201612=100",115.8
483,2021-04,"Victoria, British Columbia",House only,"Index, 201612=100",117.2
484,2021-05,"Victoria, British Columbia",House only,"Index, 201612=100",117.8
485,2021-06,"Victoria, British Columbia",House only,"Index, 201612=100",118.1
486,2021-07,"Victoria, British Columbia",House only,"Index, 201612=100",119.7
487,2021-08,"Victoria, British Columbia",House only,"Index, 201612=100",119.7
488,2021-09,"Victoria, British Columbia",House only,"Index, 201612=100",121.4
489,2021-10,"Victoria, British Columbia",House only,"Index, 201612=100",126.3
490,2021-11,"Victoria, British Columbia",House only,"Index, 201612=100",126.3
491,2021-12,"Victoria, British Columbia",House only,"Index, 201612=100",126.7
492,2022-01,"Victoria, British Columbia",House only,"Index, 201612=100",128.2
493,2022-02,"Victoria, British Columbia",House only,"Index, 201612=100",128.8
494,2022-03,"Victoria, British Columbia",House only,"Index, 201612=100",132.1
495,2022-04,"Victoria, British Columbia",House only,"Index, 201612=100",132.1
496,2022-05,"Victoria, British Columbia",House only,"Index, 201612=100",132.1
497,2022-06,"Victoria, British Columbia",House only,"Index, 201612=100",132.1
498,2022-07,"Victoria, British Columbia",House only,"Index, 201612=100",132.1
499,2022-08,"Victoria, British Columbia",House only,"Index, 201612=100",132.1
500,2022-09,"Victoria, British Columbia",House only,"Index, 201612=100",132.1
