,REF_DATE,GEO,New housing price indexes,UOM,HPI_windsor_ont
0,1981-01,"Windsor, Ontario",House only,"Index, 201612=100",64.9
1,1981-02,"Windsor, Ontario",House only,"Index, 201612=100",64.9
2,1981-03,"Windsor, Ontario",House only,"Index, 201612=100",64.1
3,1981-04,"Windsor, Ontario",House only,"Index, 201612=100",63.9
4,1981-05,"Windsor, Ontario",House only,"Index, 201612=100",63.9
5,1981-06,"Windsor, Ontario",House only,"Index, 201612=100",63.9
6,1981-07,"Windsor, Ontario",House only,"Index, 201612=100",63.9
7,1981-08,"Windsor, Ontario",House only,"Index, 201612=100",63.9
8,1981-09,"Windsor, Ontario",House only,"Index, 201612=100",60.8
9,1981-10,"Windsor, Ontario",House only,"Index, 201612=100",60.8
10,1981-11,"Windsor, Ontario",House only,"Index, 201612=100",60.8
11,1981-12,"Windsor, Ontario",House only,"Index, 201612=100",60.8
12,1982-01,"Windsor, Ontario",House only,"Index, 201612=100",60.8
13,1982-02,"Windsor, Ontario",House only,"Index, 201612=100",60.8
14,1982-03,"Windsor, Ontario",House only,"Index, 201612=100",60.8
15,1982-04,"Windsor, Ontario",House only,"Index, 201612=100",60.8
16,1982-05,"Windsor, Ontario",House only,"Index, 201612=100",58.7
17,1982-06,"Windsor, Ontario",House only,"Index, 201612=100",58.2
18,1982-07,"Windsor, Ontario",House only,"Index, 201612=100",58.2
19,1982-08,"Windsor, Ontario",House only,"Index, 201612=100",58.2
20,1982-09,"Windsor, Ontario",House only,"Index, 201612=100",58.2
21,1982-10,"Windsor, Ontario",House only,"Index, 201612=100",55.9
22,1982-11,"Windsor, Ontario",House only,"Index, 201612=100",56.4
23,1982-12,"Windsor, Ontario",House only,"Index, 201612=100",57.3
24,1983-01,"Windsor, Ontario",House only,"Index, 201612=100",57.3
25,1983-02,"Windsor, Ontario",House only,"Index, 201612=100",57.3
26,1983-03,"Windsor, Ontario",House only,"Index, 201612=100",57.3
27,1983-04,"Windsor, Ontario",House only,"Index, 201612=100",57.5
28,1983-05,"Windsor, Ontario",House only,"Index, 201612=100",58.6
29,1983-06,"Windsor, Ontario",House only,"Index, 201612=100",58.6
30,1983-07,"Windsor, Ontario",House only,"Index, 201612=100",58.6
31,1983-08,"Windsor, Ontario",House only,"Index, 201612=100",58.6
32,1983-09,"Windsor, Ontario",House only,"Index, 201612=100",60.0
33,1983-10,"Windsor, Ontario",House only,"Index, 201612=100",60.2
34,1983-11,"Windsor, Ontario",House only,"Index, 201612=100",62.5
35,1983-12,"Windsor, Ontario",House only,"Index, 201612=100",62.5
36,1984-01,"Windsor, Ontario",House only,"Index, 201612=100",63.2
37,1984-02,"Windsor, Ontario",House only,"Index, 201612=100",63.4
38,1984-03,"Windsor, Ontario",House only,"Index, 201612=100",63.4
39,1984-04,"Windsor, Ontario",House only,"Index, 201612=100",63.8
40,1984-05,"Windsor, Ontario",House only,"Index, 201612=100",63.8
41,1984-06,"Windsor, Ontario",House only,"Index, 201612=100",64.1
42,1984-07,"Windsor, Ontario",House only,"Index, 201612=100",64.1
43,1984-08,"Windsor, Ontario",House only,"Index, 201612=100",64.1
44,1984-09,"Windsor, Ontario",House only,"Index, 201612=100",63.9
45,1984-10,"Windsor, Ontario",House only,"Index, 201612=100",63.4
46,1984-11,"Windsor, Ontario",House only,"Index, 201612=100",63.8
47,1984-12,"Windsor, Ontario",House only,"Index, 201612=100",63.8
48,1985-01,"Windsor, Ontario",House only,"Index, 201612=100",63.8
49,1985-02,"Windsor, Ontario",House only,"Index, 201612=100",63.8
50,1985-03,"Windsor, Ontario",House only,"Index, 201612=100",65.5
51,1985-04,"Windsor, Ontario",House only,"Index, 201612=100",65.5
52,1985-05,"Windsor, Ontario",House only,"Index, 201612=100",67.5
53,1985-06,"Windsor, Ontario",House only,"Index, 201612=100",67.5
54,1985-07,"Windsor, Ontario",House only,"Index, 201612=100",67.8
55,1985-08,"Windsor, Ontario",House only,"Index, 201612=100",68.4
56,1985-09,"Windsor, Ontario",House only,"Index, 201612=100",68.7
57,1985-10,"Windsor, Ontario",House only,"Index, 201612=100",68.6
58,1985-11,"Windsor, Ontario",House only,"Index, 201612=100",69.4
59,1985-12,"Windsor, Ontario",House only,"Index, 201612=100",69.4
60,1986-01,"Windsor, Ontario",House only,"Index, 201612=100",69.8
61,1986-02,"Windsor, Ontario",House only,"Index, 201612=100",71.4
62,1986-03,"Windsor, Ontario",House only,"Index, 201612=100",71.4
63,1986-04,"Windsor, Ontario",House only,"Index, 201612=100",72.0
64,1986-05,"Windsor, Ontario",House only,"Index, 201612=100",73.3
65,1986-06,"Windsor, Ontario",House only,"Index, 201612=100",73.3
66,1986-07,"Windsor, Ontario",House only,"Index, 201612=100",73.3
67,1986-08,"Windsor, Ontario",House only,"Index, 201612=100",73.3
68,1986-09,"Windsor, Ontario",House only,"Index, 201612=100",73.2
69,1986-10,"Windsor, Ontario",House only,"Index, 201612=100",73.2
70,1986-11,"Windsor, Ontario",House only,"Index, 201612=100",73.8
71,1986-12,"Windsor, Ontario",House only,"Index, 201612=100",73.6
72,1987-01,"Windsor, Ontario",House only,"Index, 201612=100",74.1
73,1987-02,"Windsor, Ontario",House only,"Index, 201612=100",75.5
74,1987-03,"Windsor, Ontario",House only,"Index, 201612=100",75.7
75,1987-04,"Windsor, Ontario",House only,"Index, 201612=100",76.6
76,1987-05,"Windsor, Ontario",House only,"Index, 201612=100",77.2
77,1987-06,"Windsor, Ontario",House only,"Index, 201612=100",77.9
78,1987-07,"Windsor, Ontario",House only,"Index, 201612=100",77.9
79,1987-08,"Windsor, Ontario",House only,"Index, 201612=100",77.9
80,1987-09,"Windsor, Ontario",House only,"Index, 201612=100",77.9
81,1987-10,"Windsor, Ontario",House only,"Index, 201612=100",77.7
82,1987-11,"Windsor, Ontario",House only,"Index, 201612=100",77.6
83,1987-12,"Windsor, Ontario",House only,"Index, 201612=100",77.6
84,1988-01,"Windsor, Ontario",House only,"Index, 201612=100",77.5
85,1988-02,"Windsor, Ontario",House only,"Index, 201612=100",81.4
86,1988-03,"Windsor, Ontario",House only,"Index, 201612=100",81.5
87,1988-04,"Windsor, Ontario",House only,"Index, 201612=100",81.2
88,1988-05,"Windsor, Ontario",House only,"Index, 201612=100",81.5
89,1988-06,"Windsor, Ontario",House only,"Index, 201612=100",81.5
90,1988-07,"Windsor, Ontario",House only,"Index, 201612=100",81.5
91,1988-08,"Windsor, Ontario",House only,"Index, 201612=100",81.5
92,1988-09,"Windsor, Ontario",House only,"Index, 201612=100",81.5
93,1988-10,"Windsor, Ontario",House only,"Index, 201612=100",81.5
94,1988-11,"Windsor, Ontario",House only,"Index, 201612=100",81.5
95,1988-12,"Windsor, Ontario",House only,"Index, 201612=100",81.5
96,1989-01,"Windsor, Ontario",House only,"Index, 201612=100",81.8
97,1989-02,"Windsor, Ontario",House only,"Index, 201612=100",85.2
98,1989-03,"Windsor, Ontario",House only,"Index, 201612=100",86.5
99,1989-04,"Windsor, Ontario",House only,"Index, 201612=100",87.5
100,1989-05,"Windsor, Ontario",House only,"Index, 201612=100",87.5
101,1989-06,"Windsor, Ontario",House only,"Index, 201612=100",88.1
102,1989-07,"Windsor, Ontario",House only,"Index, 201612=100",88.1
103,1989-08,"Windsor, Ontario",House only,"Index, 201612=100",88.1
104,1989-09,"Windsor, Ontario",House only,"Index, 201612=100",88.1
105,1989-10,"Windsor, Ontario",House only,"Index, 201612=100",88.1
106,1989-11,"Windsor, Ontario",House only,"Index, 201612=100",88.1
107,1989-12,"Windsor, Ontario",House only,"Index, 201612=100",88.1
108,1990-01,"Windsor, Ontario",House only,"Index, 201612=100",88.1
109,1990-02,"Windsor, Ontario",House only,"Index, 201612=100",88.1
110,1990-03,"Windsor, Ontario",House only,"Index, 201612=100",89.4
111,1990-04,"Windsor, Ontario",House only,"Index, 201612=100",89.3
112,1990-05,"Windsor, Ontario",House only,"Index, 201612=100",89.3
113,1990-06,"Windsor, Ontario",House only,"Index, 201612=100",89.5
114,1990-07,"Windsor, Ontario",House only,"Index, 201612=100",89.5
115,1990-08,"Windsor, Ontario",House only,"Index, 201612=100",89.5
116,1990-09,"Windsor, Ontario",House only,"Index, 201612=100",89.5
117,1990-10,"Windsor, Ontario",House only,"Index, 201612=100",90.2
118,1990-11,"Windsor, Ontario",House only,"Index, 201612=100",90.2
119,1990-12,"Windsor, Ontario",House only,"Index, 201612=100",90.2
120,1991-01,"Windsor, Ontario",House only,"Index, 201612=100",90.2
121,1991-02,"Windsor, Ontario",House only,"Index, 201612=100",90.2
122,1991-03,"Windsor, Ontario",House only,"Index, 201612=100",89.1
123,1991-04,"Windsor, Ontario",House only,"Index, 201612=100",89.3
124,1991-05,"Windsor, Ontario",House only,"Index, 201612=100",88.6
125,1991-06,"Windsor, Ontario",House only,"Index, 201612=100",88.6
126,1991-07,"Windsor, Ontario",House only,"Index, 201612=100",88.6
127,1991-08,"Windsor, Ontario",House only,"Index, 201612=100",88.6
128,1991-09,"Windsor, Ontario",House only,"Index, 201612=100",88.6
129,1991-10,"Windsor, Ontario",House only,"Index, 201612=100",88.6
130,1991-11,"Windsor, Ontario",House only,"Index, 201612=100",89.0
131,1991-12,"Windsor, Ontario",House only,"Index, 201612=100",89.0
132,1992-01,"Windsor, Ontario",House only,"Index, 201612=100",89.8
133,1992-02,"Windsor, Ontario",House only,"Index, 201612=100",89.8
134,1992-03,"Windsor, Ontario",House only,"Index, 201612=100",89.8
135,1992-04,"Windsor, Ontario",House only,"Index, 201612=100",89.1
136,1992-05,"Windsor, Ontario",House only,"Index, 201612=100",89.1
137,1992-06,"Windsor, Ontario",House only,"Index, 201612=100",88.9
138,1992-07,"Windsor, Ontario",House only,"Index, 201612=100",88.9
139,1992-08,"Windsor, Ontario",House only,"Index, 201612=100",88.9
140,1992-09,"Windsor, Ontario",House only,"Index, 201612=100",89.5
141,1992-10,"Windsor, Ontario",House only,"Index, 201612=100",89.5
142,1992-11,"Windsor, Ontario",House only,"Index, 201612=100",89.5
143,1992-12,"Windsor, Ontario",House only,"Index, 201612=100",88.2
144,1993-01,"Windsor, Ontario",House only,"Index, 201612=100",88.2
145,1993-02,"Windsor, Ontario",House only,"Index, 201612=100",88.2
146,1993-03,"Windsor, Ontario",House only,"Index, 201612=100",89.0
147,1993-04,"Windsor, Ontario",House only,"Index, 201612=100",89.0
148,1993-05,"Windsor, Ontario",House only,"Index, 201612=100",89.0
149,1993-06,"Windsor, Ontario",House only,"Index, 201612=100",89.0
150,1993-07,"Windsor, Ontario",House only,"Index, 201612=100",89.0
151,1993-08,"Windsor, Ontario",House only,"Index, 201612=100",88.8
152,1993-09,"Windsor, Ontario",House only,"Index, 201612=100",88.8
153,1993-10,"Windsor, Ontario",House only,"Index, 201612=100",88.1
154,1993-11,"Windsor, Ontario",House only,"Index, 201612=100",88.1
155,1993-12,"Windsor, Ontario",House only,"Index, 201612=100",88.1
156,1994-01,"Windsor, Ontario",House only,"Index, 201612=100",88.1
157,1994-02,"Windsor, Ontario",House only,"Index, 201612=100",88.1
158,1994-03,"Windsor, Ontario",House only,"Index, 201612=100",88.1
159,1994-04,"Windsor, Ontario",House only,"Index, 201612=100",88.6
160,1994-05,"Windsor, Ontario",House only,"Index, 201612=100",88.6
161,1994-06,"Windsor, Ontario",House only,"Index, 201612=100",88.6
162,1994-07,"Windsor, Ontario",House only,"Index, 201612=100",88.6
163,1994-08,"Windsor, Ontario",House only,"Index, 201612=100",88.6
164,1994-09,"Windsor, Ontario",House only,"Index, 201612=100",88.6
165,1994-10,"Windsor, Ontario",House only,"Index, 201612=100",88.6
166,1994-11,"Windsor, Ontario",House only,"Index, 201612=100",88.6
167,1994-12,"Windsor, Ontario",House only,"Index, 201612=100",88.6
168,1995-01,"Windsor, Ontario",House only,"Index, 201612=100",89.2
169,1995-02,"Windsor, Ontario",House only,"Index, 201612=100",89.2
170,1995-03,"Windsor, Ontario",House only,"Index, 201612=100",89.2
171,1995-04,"Windsor, Ontario",House only,"Index, 201612=100",89.2
172,1995-05,"Windsor, Ontario",House only,"Index, 201612=100",88.8
173,1995-06,"Windsor, Ontario",House only,"Index, 201612=100",88.8
174,1995-07,"Windsor, Ontario",House only,"Index, 201612=100",88.8
175,1995-08,"Windsor, Ontario",House only,"Index, 201612=100",88.8
176,1995-09,"Windsor, Ontario",House only,"Index, 201612=100",88.8
177,1995-10,"Windsor, Ontario",House only,"Index, 201612=100",88.8
178,1995-11,"Windsor, Ontario",House only,"Index, 201612=100",88.8
179,1995-12,"Windsor, Ontario",House only,"Index, 201612=100",88.8
180,1996-01,"Windsor, Ontario",House only,"Index, 201612=100",88.8
181,1996-02,"Windsor, Ontario",House only,"Index, 201612=100",88.8
182,1996-03,"Windsor, Ontario",House only,"Index, 201612=100",88.8
183,1996-04,"Windsor, Ontario",House only,"Index, 201612=100",88.8
184,1996-05,"Windsor, Ontario",House only,"Index, 201612=100",88.8
185,1996-06,"Windsor, Ontario",House only,"Index, 201612=100",88.8
186,1996-07,"Windsor, Ontario",House only,"Index, 201612=100",88.8
187,1996-08,"Windsor, Ontario",House only,"Index, 201612=100",88.8
188,1996-09,"Windsor, Ontario",House only,"Index, 201612=100",88.8
189,1996-10,"Windsor, Ontario",House only,"Index, 201612=100",88.8
190,1996-11,"Windsor, Ontario",House only,"Index, 201612=100",93.1
191,1996-12,"Windsor, Ontario",House only,"Index, 201612=100",93.1
192,1997-01,"Windsor, Ontario",House only,"Index, 201612=100",93.3
193,1997-02,"Windsor, Ontario",House only,"Index, 201612=100",94.0
194,1997-03,"Windsor, Ontario",House only,"Index, 201612=100",94.1
195,1997-04,"Windsor, Ontario",House only,"Index, 201612=100",93.9
196,1997-05,"Windsor, Ontario",House only,"Index, 201612=100",93.9
197,1997-06,"Windsor, Ontario",House only,"Index, 201612=100",94.2
198,1997-07,"Windsor, Ontario",House only,"Index, 201612=100",94.2
199,1997-08,"Windsor, Ontario",House only,"Index, 201612=100",94.8
200,1997-09,"Windsor, Ontario",House only,"Index, 201612=100",94.8
201,1997-10,"Windsor, Ontario",House only,"Index, 201612=100",95.0
202,1997-11,"Windsor, Ontario",House only,"Index, 201612=100",95.0
203,1997-12,"Windsor, Ontario",House only,"Index, 201612=100",95.0
204,1998-01,"Windsor, Ontario",House only,"Index, 201612=100",95.0
205,1998-02,"Windsor, Ontario",House only,"Index, 201612=100",95.0
206,1998-03,"Windsor, Ontario",House only,"Index, 201612=100",95.0
207,1998-04,"Windsor, Ontario",House only,"Index, 201612=100",95.0
208,1998-05,"Windsor, Ontario",House only,"Index, 201612=100",95.0
209,1998-06,"Windsor, Ontario",House only,"Index, 201612=100",95.1
210,1998-07,"Windsor, Ontario",House only,"Index, 201612=100",95.1
211,1998-08,"Windsor, Ontario",House only,"Index, 201612=100",94.9
212,1998-09,"Windsor, Ontario",House only,"Index, 201612=100",94.2
213,1998-10,"Windsor, Ontario",House only,"Index, 201612=100",94.2
214,1998-11,"Windsor, Ontario",House only,"Index, 201612=100",94.2
215,1998-12,"Windsor, Ontario",House only,"Index, 201612=100",94.2
216,1999-01,"Windsor, Ontario",House only,"Index, 201612=100",95.6
217,1999-02,"Windsor, Ontario",House only,"Index, 201612=100",94.8
218,1999-03,"Windsor, Ontario",House only,"Index, 201612=100",94.9
219,1999-04,"Windsor, Ontario",House only,"Index, 201612=100",95.6
220,1999-05,"Windsor, Ontario",House only,"Index, 201612=100",95.5
221,1999-06,"Windsor, Ontario",House only,"Index, 201612=100",95.1
222,1999-07,"Windsor, Ontario",House only,"Index, 201612=100",95.4
223,1999-08,"Windsor, Ontario",House only,"Index, 201612=100",95.4
224,1999-09,"Windsor, Ontario",House only,"Index, 201612=100",95.8
225,1999-10,"Windsor, Ontario",House only,"Index, 201612=100",95.8
226,1999-11,"Windsor, Ontario",House only,"Index, 201612=100",95.8
227,1999-12,"Windsor, Ontario",House only,"Index, 201612=100",95.8
228,2000-01,"Windsor, Ontario",House only,"Index, 201612=100",95.8
229,2000-02,"Windsor, Ontario",House only,"Index, 201612=100",96.7
230,2000-03,"Windsor, Ontario",House only,"Index, 201612=100",96.4
231,2000-04,"Windsor, Ontario",House only,"Index, 201612=100",96.4
232,2000-05,"Windsor, Ontario",House only,"Index, 201612=100",96.4
233,2000-06,"Windsor, Ontario",House only,"Index, 201612=100",96.4
234,2000-07,"Windsor, Ontario",House only,"Index, 201612=100",96.4
235,2000-08,"Windsor, Ontario",House only,"Index, 201612=100",96.4
236,2000-09,"Windsor, Ontario",House only,"Index, 201612=100",96.4
237,2000-10,"Windsor, Ontario",House only,"Index, 201612=100",96.4
238,2000-11,"Windsor, Ontario",House only,"Index, 201612=100",96.4
239,2000-12,"Windsor, Ontario",House only,"Index, 201612=100",96.4
240,2001-01,"Windsor, Ontario",House only,"Index, 201612=100",96.4
241,2001-02,"Windsor, Ontario",House only,"Index, 201612=100",96.4
242,2001-03,"Windsor, Ontario",House only,"Index, 201612=100",96.3
243,2001-04,"Windsor, Ontario",House only,"Index, 201612=100",96.4
244,2001-05,"Windsor, Ontario",House only,"Index, 201612=100",96.4
245,2001-06,"Windsor, Ontario",House only,"Index, 201612=100",96.4
246,2001-07,"Windsor, Ontario",House only,"Index, 201612=100",96.4
247,2001-08,"Windsor, Ontario",House only,"Index, 201612=100",96.4
248,2001-09,"Windsor, Ontario",House only,"Index, 201612=100",96.4
249,2001-10,"Windsor, Ontario",House only,"Index, 201612=100",96.4
250,2001-11,"Windsor, Ontario",House only,"Index, 201612=100",96.4
251,2001-12,"Windsor, Ontario",House only,"Index, 201612=100",96.4
252,2002-01,"Windsor, Ontario",House only,"Index, 201612=100",96.4
253,2002-02,"Windsor, Ontario",House only,"Index, 201612=100",96.4
254,2002-03,"Windsor, Ontario",House only,"Index, 201612=100",96.4
255,2002-04,"Windsor, Ontario",House only,"Index, 201612=100",96.4
256,2002-05,"Windsor, Ontario",House only,"Index, 201612=100",96.3
257,2002-06,"Windsor, Ontario",House only,"Index, 201612=100",96.3
258,2002-07,"Windsor, Ontario",House only,"Index, 201612=100",96.3
259,2002-08,"Windsor, Ontario",House only,"Index, 201612=100",96.4
260,2002-09,"Windsor, Ontario",House only,"Index, 201612=100",96.4
261,2002-10,"Windsor, Ontario",House only,"Index, 201612=100",96.4
262,2002-11,"Windsor, Ontario",House only,"Index, 201612=100",96.4
263,2002-12,"Windsor, Ontario",House only,"Index, 201612=100",96.4
264,2003-01,"Windsor, Ontario",House only,"Index, 201612=100",96.4
265,2003-02,"Windsor, Ontario",House only,"Index, 201612=100",96.4
266,2003-03,"Windsor, Ontario",House only,"Index, 201612=100",96.4
267,2003-04,"Windsor, Ontario",House only,"Index, 201612=100",96.4
268,2003-05,"Windsor, Ontario",House only,"Index, 201612=100",96.4
269,2003-06,"Windsor, Ontario",House only,"Index, 201612=100",96.4
270,2003-07,"Windsor, Ontario",House only,"Index, 201612=100",96.4
271,2003-08,"Windsor, Ontario",House only,"Index, 201612=100",96.4
272,2003-09,"Windsor, Ontario",House only,"Index, 201612=100",96.4
273,2003-10,"Windsor, Ontario",House only,"Index, 201612=100",96.4
274,2003-11,"Windsor, Ontario",House only,"Index, 201612=100",96.4
275,2003-12,"Windsor, Ontario",House only,"Index, 201612=100",96.4
276,2004-01,"Windsor, Ontario",House only,"Index, 201612=100",96.4
277,2004-02,"Windsor, Ontario",House only,"Index, 201612=100",96.4
278,2004-03,"Windsor, Ontario",House only,"Index, 201612=100",96.4
279,2004-04,"Windsor, Ontario",House only,"Index, 201612=100",96.4
280,2004-05,"Windsor, Ontario",House only,"Index, 201612=100",96.4
281,2004-06,"Windsor, Ontario",House only,"Index, 201612=100",96.4
282,2004-07,"Windsor, Ontario",House only,"Index, 201612=100",96.5
283,2004-08,"Windsor, Ontario",House only,"Index, 201612=100",96.8
284,2004-09,"Windsor, Ontario",House only,"Index, 201612=100",97.0
285,2004-10,"Windsor, Ontario",House only,"Index, 201612=100",97.0
286,2004-11,"Windsor, Ontario",House only,"Index, 201612=100",97.0
287,2004-12,"Windsor, Ontario",House only,"Index, 201612=100",97.0
288,2005-01,"Windsor, Ontario",House only,"Index, 201612=100",97.4
289,2005-02,"Windsor, Ontario",House only,"Index, 201612=100",97.8
290,2005-03,"Windsor, Ontario",House only,"Index, 201612=100",97.0
291,2005-04,"Windsor, Ontario",House only,"Index, 201612=100",97.0
292,2005-05,"Windsor, Ontario",House only,"Index, 201612=100",97.8
293,2005-06,"Windsor, Ontario",House only,"Index, 201612=100",98.0
294,2005-07,"Windsor, Ontario",House only,"Index, 201612=100",98.0
295,2005-08,"Windsor, Ontario",House only,"Index, 201612=100",98.0
296,2005-09,"Windsor, Ontario",House only,"Index, 201612=100",98.0
297,2005-10,"Windsor, Ontario",House only,"Index, 201612=100",97.9
298,2005-11,"Windsor, Ontario",House only,"Index, 201612=100",97.9
299,2005-12,"Windsor, Ontario",House only,"Index, 201612=100",97.6
300,2006-01,"Windsor, Ontario",House only,"Index, 201612=100",98.2
301,2006-02,"Windsor, Ontario",House only,"Index, 201612=100",98.2
302,2006-03,"Windsor, Ontario",House only,"Index, 201612=100",98.2
303,2006-04,"Windsor, Ontario",House only,"Index, 201612=100",96.4
304,2006-05,"Windsor, Ontario",House only,"Index, 201612=100",96.8
305,2006-06,"Windsor, Ontario",House only,"Index, 201612=100",97.3
306,2006-07,"Windsor, Ontario",House only,"Index, 201612=100",97.9
307,2006-08,"Windsor, Ontario",House only,"Index, 201612=100",97.9
308,2006-09,"Windsor, Ontario",House only,"Index, 201612=100",97.9
309,2006-10,"Windsor, Ontario",House only,"Index, 201612=100",97.2
310,2006-11,"Windsor, Ontario",House only,"Index, 201612=100",96.1
311,2006-12,"Windsor, Ontario",House only,"Index, 201612=100",95.8
312,2007-01,"Windsor, Ontario",House only,"Index, 201612=100",95.8
313,2007-02,"Windsor, Ontario",House only,"Index, 201612=100",94.7
314,2007-03,"Windsor, Ontario",House only,"Index, 201612=100",95.6
315,2007-04,"Windsor, Ontario",House only,"Index, 201612=100",95.6
316,2007-05,"Windsor, Ontario",House only,"Index, 201612=100",95.2
317,2007-06,"Windsor, Ontario",House only,"Index, 201612=100",93.7
318,2007-07,"Windsor, Ontario",House only,"Index, 201612=100",92.9
319,2007-08,"Windsor, Ontario",House only,"Index, 201612=100",93.8
320,2007-09,"Windsor, Ontario",House only,"Index, 201612=100",93.4
321,2007-10,"Windsor, Ontario",House only,"Index, 201612=100",93.4
322,2007-11,"Windsor, Ontario",House only,"Index, 201612=100",93.4
323,2007-12,"Windsor, Ontario",House only,"Index, 201612=100",94.0
324,2008-01,"Windsor, Ontario",House only,"Index, 201612=100",94.0
325,2008-02,"Windsor, Ontario",House only,"Index, 201612=100",94.4
326,2008-03,"Windsor, Ontario",House only,"Index, 201612=100",94.3
327,2008-04,"Windsor, Ontario",House only,"Index, 201612=100",94.7
328,2008-05,"Windsor, Ontario",House only,"Index, 201612=100",94.4
329,2008-06,"Windsor, Ontario",House only,"Index, 201612=100",94.7
330,2008-07,"Windsor, Ontario",House only,"Index, 201612=100",94.7
331,2008-08,"Windsor, Ontario",House only,"Index, 201612=100",94.5
332,2008-09,"Windsor, Ontario",House only,"Index, 201612=100",94.5
333,2008-10,"Windsor, Ontario",House only,"Index, 201612=100",94.1
334,2008-11,"Windsor, Ontario",House only,"Index, 201612=100",94.4
335,2008-12,"Windsor, Ontario",House only,"Index, 201612=100",94.6
336,2009-01,"Windsor, Ontario",House only,"Index, 201612=100",94.6
337,2009-02,"Windsor, Ontario",House only,"Index, 201612=100",94.6
338,2009-03,"Windsor, Ontario",House only,"Index, 201612=100",94.6
339,2009-04,"Windsor, Ontario",House only,"Index, 201612=100",94.6
340,2009-05,"Windsor, Ontario",House only,"Index, 201612=100",94.6
341,2009-06,"Windsor, Ontario",House only,"Index, 201612=100",94.6
342,2009-07,"Windsor, Ontario",House only,"Index, 201612=100",95.1
343,2009-08,"Windsor, Ontario",House only,"Index, 201612=100",94.6
344,2009-09,"Windsor, Ontario",House only,"Index, 201612=100",93.9
345,2009-10,"Windsor, Ontario",House only,"Index, 201612=100",94.2
346,2009-11,"Windsor, Ontario",House only,"Index, 201612=100",95.0
347,2009-12,"Windsor, Ontario",House only,"Index, 201612=100",95.0
348,2010-01,"Windsor, Ontario",House only,"Index, 201612=100",95.0
349,2010-02,"Windsor, Ontario",House only,"Index, 201612=100",95.0
350,2010-03,"Windsor, Ontario",House only,"Index, 201612=100",95.0
351,2010-04,"Windsor, Ontario",House only,"Index, 201612=100",95.0
352,2010-05,"Windsor, Ontario",House only,"Index, 201612=100",94.8
353,2010-06,"Windsor, Ontario",House only,"Index, 201612=100",94.7
354,2010-07,"Windsor, Ontario",House only,"Index, 201612=100",93.3
355,2010-08,"Windsor, Ontario",House only,"Index, 201612=100",93.8
356,2010-09,"Windsor, Ontario",House only,"Index, 201612=100",93.9
357,2010-10,"Windsor, Ontario",House only,"Index, 201612=100",93.9
358,2010-11,"Windsor, Ontario",House only,"Index, 201612=100",91.8
359,2010-12,"Windsor, Ontario",House only,"Index, 201612=100",91.1
360,2011-01,"Windsor, Ontario",House only,"Index, 201612=100",91.1
361,2011-02,"Windsor, Ontario",House only,"Index, 201612=100",90.6
362,2011-03,"Windsor, Ontario",House only,"Index, 201612=100",89.5
363,2011-04,"Windsor, Ontario",House only,"Index, 201612=100",89.5
364,2011-05,"Windsor, Ontario",House only,"Index, 201612=100",89.5
365,2011-06,"Windsor, Ontario",House only,"Index, 201612=100",89.6
366,2011-07,"Windsor, Ontario",House only,"Index, 201612=100",89.7
367,2011-08,"Windsor, Ontario",House only,"Index, 201612=100",89.4
368,2011-09,"Windsor, Ontario",House only,"Index, 201612=100",89.3
369,2011-10,"Windsor, Ontario",House only,"Index, 201612=100",89.4
370,2011-11,"Windsor, Ontario",House only,"Index, 201612=100",91.9
371,2011-12,"Windsor, Ontario",House only,"Index, 201612=100",92.1
372,2012-01,"Windsor, Ontario",House only,"Index, 201612=100",92.0
373,2012-02,"Windsor, Ontario",House only,"Index, 201612=100",92.8
374,2012-03,"Windsor, Ontario",House only,"Index, 201612=100",92.8
375,2012-04,"Windsor, Ontario",House only,"Index, 201612=100",92.6
376,2012-05,"Windsor, Ontario",House only,"Index, 201612=100",92.8
377,2012-06,"Windsor, Ontario",House only,"Index, 201612=100",92.8
378,2012-07,"Windsor, Ontario",House only,"Index, 201612=100",92.5
379,2012-08,"Windsor, Ontario",House only,"Index, 201612=100",92.5
380,2012-09,"Windsor, Ontario",House only,"Index, 201612=100",92.5
381,2012-10,"Windsor, Ontario",House only,"Index, 201612=100",92.5
382,2012-11,"Windsor, Ontario",House only,"Index, 201612=100",92.6
383,2012-12,"Windsor, Ontario",House only,"Index, 201612=100",92.6
384,2013-01,"Windsor, Ontario",House only,"Index, 201612=100",92.6
385,2013-02,"Windsor, Ontario",House only,"Index, 201612=100",92.6
386,2013-03,"Windsor, Ontario",House only,"Index, 201612=100",93.2
387,2013-04,"Windsor, Ontario",House only,"Index, 201612=100",93.2
388,2013-05,"Windsor, Ontario",House only,"Index, 201612=100",93.2
389,2013-06,"Windsor, Ontario",House only,"Index, 201612=100",93.0
390,2013-07,"Windsor, Ontario",House only,"Index, 201612=100",93.3
391,2013-08,"Windsor, Ontario",House only,"Index, 201612=100",94.4
392,2013-09,"Windsor, Ontario",House only,"Index, 201612=100",94.0
393,2013-10,"Windsor, Ontario",House only,"Index, 201612=100",94.7
394,2013-11,"Windsor, Ontario",House only,"Index, 201612=100",94.6
395,2013-12,"Windsor, Ontario",House only,"Index, 201612=100",94.4
396,2014-01,"Windsor, Ontario",House only,"Index, 201612=100",94.5
397,2014-02,"Windsor, Ontario",House only,"Index, 201612=100",95.2
398,2014-03,"Windsor, Ontario",House only,"Index, 201612=100",95.2
399,2014-04,"Windsor, Ontario",House only,"Index, 201612=100",95.2
400,2014-05,"Windsor, Ontario",House only,"Index, 201612=100",95.3
401,2014-06,"Windsor, Ontario",House only,"Index, 201612=100",95.3
402,2014-07,"Windsor, Ontario",House only,"Index, 201612=100",95.3
403,2014-08,"Windsor, Ontario",House only,"Index, 201612=100",95.3
404,2014-09,"Windsor, Ontario",House only,"Index, 201612=100",95.3
405,2014-10,"Windsor, Ontario",House only,"Index, 201612=100",95.2
406,2014-11,"Windsor, Ontario",House only,"Index, 201612=100",95.2
407,2014-12,"Windsor, Ontario",House only,"Index, 201612=100",95.2
408,2015-01,"Windsor, Ontario",House only,"Index, 201612=100",95.2
409,2015-02,"Windsor, Ontario",House only,"Index, 201612=100",95.2
410,2015-03,"Windsor, Ontario",House only,"Index, 201612=100",95.2
411,2015-04,"Windsor, Ontario",House only,"Index, 201612=100",95.2
412,2015-05,"Windsor, Ontario",House only,"Index, 201612=100",95.4
413,2015-06,"Windsor, Ontario",House only,"Index, 201612=100",95.4
414,2015-07,"Windsor, Ontario",House only,"Index, 201612=100",95.4
415,2015-08,"Windsor, Ontario",House only,"Index, 201612=100",95.6
416,2015-09,"Windsor, Ontario",House only,"Index, 201612=100",95.5
417,2015-10,"Windsor, Ontario",House only,"Index, 201612=100",95.5
418,2015-11,"Windsor, Ontario",House only,"Index, 201612=100",95.2
419,2015-12,"Windsor, Ontario",House only,"Index, 201612=100",95.2
420,2016-01,"Windsor, Ontario",House only,"Index, 201612=100",95.2
421,2016-02,"Windsor, Ontario",House only,"Index, 201612=100",95.2
422,2016-03,"Windsor, Ontario",House only,"Index, 201612=100",95.7
423,2016-04,"Windsor, Ontario",House only,"Index, 201612=100",95.4
424,2016-05,"Windsor, Ontario",House only,"Index, 201612=100",96.3
425,2016-06,"Windsor, Ontario",House only,"Index, 201612=100",97.1
426,2016-07,"Windsor, Ontario",House only,"Index, 201612=100",96.8
427,2016-08,"Windsor, Ontario",House only,"Index, 201612=100",96.8
428,2016-09,"Windsor, Ontario",House only,"Index, 201612=100",97.9
429,2016-10,"Windsor, Ontario",House only,"Index, 201612=100",99.4
430,2016-11,"Windsor, Ontario",House only,"Index, 201612=100",99.8
431,2016-12,"Windsor, Ontario",House only,"Index, 201612=100",100.0
432,2017-01,"Windsor, Ontario",House only,"Index, 201612=100",100.4
433,2017-02,"Windsor, Ontario",House only,"Index, 201612=100",101.1
434,2017-03,"Windsor, Ontario",House only,"Index, 201612=100",101.3
435,2017-04,"Windsor, Ontario",House only,"Index, 201612=100",101.3
436,2017-05,"Windsor, Ontario",House only,"Index, 201612=100",101.0
437,2017-06,"Windsor, Ontario",House only,"Index, 201612=100",101.0
438,2017-07,"Windsor, Ontario",House only,"Index, 201612=100",101.0
439,2017-08,"Windsor, Ontario",House only,"Index, 201612=100",101.4
440,2017-09,"Windsor, Ontario",House only,"Index, 201612=100",101.4
441,2017-10,"Windsor, Ontario",House only,"Index, 201612=100",101.3
442,2017-11,"Windsor, Ontario",House only,"Index, 201612=100",101.8
443,2017-12,"Windsor, Ontario",House only,"Index, 201612=100",101.9
444,2018-01,"Windsor, Ontario",House only,"Index, 201612=100",102.2
445,2018-02,"Windsor, Ontario",House only,"Index, 201612=100",102.4
446,2018-03,"Windsor, Ontario",House only,"Index, 201612=100",102.9
447,2018-04,"Windsor, Ontario",House only,"Index, 201612=100",104.1
448,2018-05,"Windsor, Ontario",House only,"Index, 201612=100",104.4
449,2018-06,"Windsor, Ontario",House only,"Index, 201612=100",104.4
450,2018-07,"Windsor, Ontario",House only,"Index, 201612=100",104.6
451,2018-08,"Windsor, Ontario",House only,"Index, 201612=100",104.6
452,2018-09,"Windsor, Ontario",House only,"Index, 201612=100",104.7
453,2018-10,"Windsor, Ontario",House only,"Index, 201612=100",105.7
454,2018-11,"Windsor, Ontario",House only,"Index, 201612=100",105.7
455,2018-12,"Windsor, Ontario",House only,"Index, 201612=100",105.7
456,2019-01,"Windsor, Ontario",House only,"Index, 201612=100",105.7
457,2019-02,"Windsor, Ontario",House only,"Index, 201612=100",106.4
458,2019-03,"Windsor, Ontario",House only,"Index, 201612=100",106.6
459,2019-04,"Windsor, Ontario",House only,"Index, 201612=100",106.9
460,2019-05,"Windsor, Ontario",House only,"Index, 201612=100",106.9
461,2019-06,"Windsor, Ontario",House only,"Index, 201612=100",106.9
462,2019-07,"Windsor, Ontario",House only,"Index, 201612=100",106.7
463,2019-08,"Windsor, Ontario",House only,"Index, 201612=100",106.8
464,2019-09,"Windsor, Ontario",House only,"Index, 201612=100",107.0
465,2019-10,"Windsor, Ontario",House only,"Index, 201612=100",107.4
466,2019-11,"Windsor, Ontario",House only,"Index, 201612=100",107.7
467,2019-12,"Windsor, Ontario",House only,"Index, 201612=100",107.7
468,2020-01,"Windsor, Ontario",House only,"Index, 201612=100",107.8
469,2020-02,"Windsor, Ontario",House only,"Index, 201612=100",108.6
470,2020-03,"Windsor, Ontario",House only,"Index, 201612=100",108.6
471,2020-04,"Windsor, Ontario",House only,"Index, 201612=100",108.6
472,2020-05,"Windsor, Ontario",House only,"Index, 201612=100",108.6
473,2020-06,"Windsor, Ontario",House only,"Index, 201612=100",108.6
474,2020-07,"Windsor, Ontario",House only,"Index, 201612=100",109.6
475,2020-08,"Windsor, Ontario",House only,"Index, 201612=100",110.2
476,2020-09,"Windsor, Ontario",House only,"Index, 201612=100",111.6
477,2020-10,"Windsor, Ontario",House only,"Index, 201612=100",112.8
478,2020-11,"Windsor, Ontario",House only,"Index, 201612=100",112.9
479,2020-12,"Windsor, Ontario",House only,"Index, 201612=100",113.2
480,2021-01,"Windsor, Ontario",House only,"Index, 201612=100",115.5
481,2021-02,"Windsor, Ontario",House only,"Index, 201612=100",116.3
482,2021-03,"Windsor, Ontario",House only,"Index, 201612=100",118.2
483,2021-04,"Windsor, Ontario",House only,"Index, 201612=100",128.1
484,2021-05,"Windsor, Ontario",House only,"Index, 201612=100",131.0
485,2021-06,"Windsor, Ontario",House only,"Index, 201612=100",133.0
486,2021-07,"Windsor, Ontario",House only,"Index, 201612=100",133.2
487,2021-08,"Windsor, Ontario",House only,"Index, 201612=100",133.3
488,2021-09,"Windsor, Ontario",House only,"Index, 201612=100",136.9
489,2021-10,"Windsor, Ontario",House only,"Index, 201612=100",137.1
490,2021-11,"Windsor, Ontario",House only,"Index, 201612=100",138.8
491,2021-12,"Windsor, Ontario",House only,"Index, 201612=100",139.0
492,2022-01,"Windsor, Ontario",House only,"Index, 201612=100",139.7
493,2022-02,"Windsor, Ontario",House only,"Index, 201612=100",139.7
494,2022-03,"Windsor, Ontario",House only,"Index, 201612=100",143.1
495,2022-04,"Windsor, Ontario",House only,"Index, 201612=100",144.1
496,2022-05,"Windsor, Ontario",House only,"Index, 201612=100",147.4
497,2022-06,"Windsor, Ontario",House only,"Index, 201612=100",149.0
498,2022-07,"Windsor, Ontario",House only,"Index, 201612=100",149.0
499,2022-08,"Windsor, Ontario",House only,"Index, 201612=100",149.0
500,2022-09,"Windsor, Ontario",House only,"Index, 201612=100",148.5
